-- Adminer 4.8.1 MySQL 5.5.5-10.5.13-MariaDB-1:10.5.13+maria~focal dump

SET NAMES utf8;
SET time_zone = '+00:00';
SET foreign_key_checks = 0;
SET sql_mode = 'NO_AUTO_VALUE_ON_ZERO';

DROP TABLE IF EXISTS `admin_menu`;
CREATE TABLE `admin_menu` (
  `id` int(11) NOT NULL AUTO_INCREMENT COMMENT '[A]Index',
  `odkaz` varchar(50) COLLATE utf8_bin NOT NULL COMMENT 'Odkaz',
  `nazov` varchar(100) COLLATE utf8_bin NOT NULL COMMENT 'Názov položky',
  `id_user_roles` int(11) NOT NULL DEFAULT 4 COMMENT 'Id min úrovne registrácie',
  `avatar` varchar(200) COLLATE utf8_bin DEFAULT NULL COMMENT 'Odkaz na avatar aj s relatívnou cestou od adresára www',
  `view` tinyint(4) NOT NULL DEFAULT 1 COMMENT 'Ak 1 položka sa zobrazí',
  PRIMARY KEY (`id`),
  KEY `id_registracia` (`id_user_roles`),
  CONSTRAINT `admin_menu_ibfk_2` FOREIGN KEY (`id_user_roles`) REFERENCES `user_roles` (`id`)
) ENGINE=InnoDB DEFAULT CHARSET=utf8 COLLATE=utf8_bin COMMENT='Administračné menu';

INSERT INTO `admin_menu` (`id`, `odkaz`, `nazov`, `id_user_roles`, `avatar`, `view`) VALUES
(1,	'Homepage:',	'Úvod',	3,	'Matrilineare_icon_set/png/Places user home.png',	1),
(2,	'Lang:',	'Editácia jazykov',	5,	'Matrilineare_icon_set/png/Apps gwibber.png',	1),
(3,	'Slider:',	'Editácia slider-u',	4,	'Matrilineare_icon_set/png/Places folder pictures.png',	1),
(4,	'User:',	'Editácia užívateľov',	5,	'Matrilineare_icon_set/png/Places folder publicshare.png',	1),
(5,	'Verzie:',	'Verzie webu',	4,	'Matrilineare_icon_set/png/Apps terminator.png',	1),
(6,	'Udaje:',	'Údaje webu',	4,	'Matrilineare_icon_set/png/Categories preferences desktop.png',	1),
(7,	'Oznam:',	'Aktuality(oznamy)',	5,	'Matrilineare_icon_set/png/Apps web browser.png',	0),
(8,	'Products:setup',	'Nastavenie produktov',	4,	'Matrilineare_icon_set/png/Mimes package x generic.png',	1);

DROP TABLE IF EXISTS `clanok_komponenty`;
CREATE TABLE `clanok_komponenty` (
  `id` int(11) NOT NULL AUTO_INCREMENT COMMENT '[A]Index',
  `id_hlavne_menu` int(11) NOT NULL COMMENT 'Id hl. menu, ktorému je komponenta pripojená',
  `spec_nazov` varchar(30) COLLATE utf8_bin DEFAULT NULL COMMENT 'Špecifický názov komponenty',
  `parametre` varchar(100) COLLATE utf8_bin DEFAULT NULL COMMENT 'Parametre komponenty',
  PRIMARY KEY (`id`),
  KEY `id_clanok` (`id_hlavne_menu`),
  CONSTRAINT `clanok_komponenty_ibfk_3` FOREIGN KEY (`id_hlavne_menu`) REFERENCES `hlavne_menu` (`id`)
) ENGINE=InnoDB DEFAULT CHARSET=utf8 COLLATE=utf8_bin COMMENT='Zoznam komponent, ktoré sú priradené k článku';

INSERT INTO `clanok_komponenty` (`id`, `id_hlavne_menu`, `spec_nazov`, `parametre`) VALUES
(1,	10,	'fotocollage',	NULL);

DROP TABLE IF EXISTS `dlzka_novinky`;
CREATE TABLE `dlzka_novinky` (
  `id` int(11) NOT NULL AUTO_INCREMENT COMMENT '[A]Index',
  `nazov` varchar(30) COLLATE utf8_bin NOT NULL COMMENT 'Zobrazený názov',
  `dlzka` int(11) NOT NULL COMMENT 'Počet dní, v ktorých je novinka',
  PRIMARY KEY (`id`)
) ENGINE=InnoDB DEFAULT CHARSET=utf8 COLLATE=utf8_bin COMMENT='Tabuľka pre hodnoty dĺžky noviniek';

INSERT INTO `dlzka_novinky` (`id`, `nazov`, `dlzka`) VALUES
(1,	'Nesleduje sa',	0),
(2,	'Deň',	1),
(3,	'Týždeň',	7),
(4,	'Mesiac(30 dní)',	30),
(5,	'Štvrť roka(91 dní)',	91),
(6,	'Pol roka(182 dní)',	182),
(7,	'Rok',	365);

DROP TABLE IF EXISTS `dokumenty`;
CREATE TABLE `dokumenty` (
  `id` int(11) NOT NULL AUTO_INCREMENT,
  `id_hlavne_menu` int(11) NOT NULL DEFAULT 1 COMMENT 'Id položky hl. menu ku ktorej patrí',
  `id_user_main` int(11) NOT NULL DEFAULT 1 COMMENT 'Id užívateľa',
  `id_user_roles` int(11) NOT NULL DEFAULT 0 COMMENT 'Id min úrovne registrácie pre zobrazenie',
  `znacka` varchar(20) COLLATE utf8_bin DEFAULT NULL COMMENT 'Značka súboru pre vloženie do textu',
  `name` varchar(50) COLLATE utf8_bin NOT NULL COMMENT 'Názov titulku pre daný dokument',
  `pripona` varchar(20) COLLATE utf8_bin NOT NULL COMMENT 'Prípona súboru',
  `web_name` varchar(50) COLLATE utf8_bin NOT NULL COMMENT 'Špecifický názov dokumentu pre URL',
  `description` varchar(255) COLLATE utf8_bin DEFAULT NULL COMMENT 'Popis dokumentu',
  `main_file` varchar(255) COLLATE utf8_bin NOT NULL COMMENT 'Názov súboru s relatívnou cestou',
  `thumb_file` varchar(255) COLLATE utf8_bin DEFAULT NULL COMMENT 'Názov súboru thumb pre obrázky a iné ',
  `change` datetime /* mariadb-5.3 */ NOT NULL COMMENT 'Dátum uloženia alebo opravy - časová pečiatka',
  `zobraz_v_texte` tinyint(4) NOT NULL DEFAULT 1 COMMENT 'Zobrazenie obrázku v texte',
  `type` tinyint(4) NOT NULL DEFAULT 1 COMMENT 'Typ prílohy',
  `pocitadlo` int(11) NOT NULL DEFAULT 0 COMMENT 'Počítadlo stiahnutí',
  PRIMARY KEY (`id`),
  UNIQUE KEY `spec_nazov` (`web_name`),
  KEY `id_user_profiles` (`id_user_main`),
  KEY `id_registracia` (`id_user_roles`),
  KEY `id_hlavne_menu` (`id_hlavne_menu`),
  CONSTRAINT `dokumenty_ibfk_1` FOREIGN KEY (`id_user_main`) REFERENCES `user_main` (`id`),
  CONSTRAINT `dokumenty_ibfk_3` FOREIGN KEY (`id_hlavne_menu`) REFERENCES `hlavne_menu` (`id`),
  CONSTRAINT `dokumenty_ibfk_4` FOREIGN KEY (`id_user_roles`) REFERENCES `user_roles` (`id`)
) ENGINE=InnoDB DEFAULT CHARSET=utf8 COLLATE=utf8_bin COMMENT='Prílohy k článkom';

INSERT INTO `dokumenty` (`id`, `id_hlavne_menu`, `id_user_main`, `id_user_roles`, `znacka`, `name`, `pripona`, `web_name`, `description`, `main_file`, `thumb_file`, `change`, `zobraz_v_texte`, `type`, `pocitadlo`) VALUES
(61,	10,	2,	0,	'#I-61#',	'ATELIER-ZAMECNIK-13-zmena-velikosti',	'jpg',	'atelier-zamecnik-13-zmena-velikosti',	NULL,	'files/prilohy/ATELIER-ZAMECNIK-13-zmena-velikosti.jpg',	'files/prilohy/tb_ATELIER-ZAMECNIK-13-zmena-velikosti.jpg',	'2020-03-21 18:51:42',	1,	2,	0),
(62,	10,	2,	0,	'#I-62#',	'ATELIER-ZAMECNIK-14-zmena-velikosti',	'jpg',	'atelier-zamecnik-14-zmena-velikosti',	NULL,	'files/prilohy/ATELIER-ZAMECNIK-14-zmena-velikosti.jpg',	'files/prilohy/tb_ATELIER-ZAMECNIK-14-zmena-velikosti.jpg',	'2020-03-21 18:51:42',	1,	2,	0),
(63,	10,	2,	0,	'#I-63#',	'ATELIER-ZAMECNIK-15-zmena-velikosti',	'jpg',	'atelier-zamecnik-15-zmena-velikosti',	NULL,	'files/prilohy/ATELIER-ZAMECNIK-15-zmena-velikosti.jpg',	'files/prilohy/tb_ATELIER-ZAMECNIK-15-zmena-velikosti.jpg',	'2020-03-21 18:51:42',	1,	2,	0),
(64,	10,	2,	0,	'#I-64#',	'ATELIER-ZAMECNIK-16-zmena-velikosti',	'jpg',	'atelier-zamecnik-16-zmena-velikosti',	NULL,	'files/prilohy/ATELIER-ZAMECNIK-16-zmena-velikosti.jpg',	'files/prilohy/tb_ATELIER-ZAMECNIK-16-zmena-velikosti.jpg',	'2020-03-21 18:51:42',	1,	2,	0),
(65,	10,	2,	0,	'#I-65#',	'ATELIER-ZAMECNIK-17-zmena-velikosti',	'jpg',	'atelier-zamecnik-17-zmena-velikosti',	NULL,	'files/prilohy/ATELIER-ZAMECNIK-17-zmena-velikosti.jpg',	'files/prilohy/tb_ATELIER-ZAMECNIK-17-zmena-velikosti.jpg',	'2020-03-21 18:51:42',	1,	2,	0),
(66,	10,	2,	0,	'#I-66#',	'ATELIER-ZAMECNIK-18-zmena-velikosti',	'jpg',	'atelier-zamecnik-18-zmena-velikosti',	NULL,	'files/prilohy/ATELIER-ZAMECNIK-18-zmena-velikosti.jpg',	'files/prilohy/tb_ATELIER-ZAMECNIK-18-zmena-velikosti.jpg',	'2020-03-21 18:51:42',	1,	2,	0),
(67,	10,	2,	0,	'#I-67#',	'ATELIER-ZAMECNIK-19',	'jpg',	'atelier-zamecnik-19',	NULL,	'files/prilohy/ATELIER-ZAMECNIK-19.jpg',	'files/prilohy/tb_ATELIER-ZAMECNIK-19.jpg',	'2020-03-21 18:51:42',	1,	2,	0),
(68,	10,	2,	0,	'#I-68#',	'ATELIER-ZAMECNIK-20',	'jpg',	'atelier-zamecnik-20',	NULL,	'files/prilohy/ATELIER-ZAMECNIK-20.jpg',	'files/prilohy/tb_ATELIER-ZAMECNIK-20.jpg',	'2020-03-21 18:51:42',	1,	2,	0),
(69,	10,	2,	0,	'#I-69#',	'ATELIER-ZAMECNIK-21',	'jpg',	'atelier-zamecnik-21',	NULL,	'files/prilohy/ATELIER-ZAMECNIK-21.jpg',	'files/prilohy/tb_ATELIER-ZAMECNIK-21.jpg',	'2020-03-21 18:51:42',	1,	2,	0),
(70,	10,	2,	0,	'#I-70#',	'ATELIER-ZAMECNIK-22',	'jpg',	'atelier-zamecnik-22',	NULL,	'files/prilohy/ATELIER-ZAMECNIK-22.jpg',	'files/prilohy/tb_ATELIER-ZAMECNIK-22.jpg',	'2020-03-21 18:51:42',	1,	2,	0),
(71,	10,	2,	0,	'#I-71#',	'ATELIER-ZAMECNIK-23',	'jpg',	'atelier-zamecnik-23',	NULL,	'files/prilohy/ATELIER-ZAMECNIK-23.jpg',	'files/prilohy/tb_ATELIER-ZAMECNIK-23.jpg',	'2020-03-21 18:51:42',	1,	2,	0),
(72,	10,	2,	0,	'#I-72#',	'ATELIER-ZAMECNIK-24',	'jpg',	'atelier-zamecnik-24',	NULL,	'files/prilohy/ATELIER-ZAMECNIK-24.jpg',	'files/prilohy/tb_ATELIER-ZAMECNIK-24.jpg',	'2020-03-21 18:51:42',	1,	2,	0),
(73,	10,	2,	0,	'#I-73#',	'ATELIER-ZAMECNIK-25',	'jpg',	'atelier-zamecnik-25',	NULL,	'files/prilohy/ATELIER-ZAMECNIK-25.jpg',	'files/prilohy/tb_ATELIER-ZAMECNIK-25.jpg',	'2020-03-21 18:51:42',	1,	2,	0),
(74,	10,	2,	0,	'#I-74#',	'ATELIER-ZAMECNIK-26',	'jpg',	'atelier-zamecnik-26',	NULL,	'files/prilohy/ATELIER-ZAMECNIK-26.jpg',	'files/prilohy/tb_ATELIER-ZAMECNIK-26.jpg',	'2020-03-21 18:51:42',	1,	2,	0),
(75,	10,	2,	0,	'#I-75#',	'ATELIER-ZAMECNIK-27',	'jpg',	'atelier-zamecnik-27',	NULL,	'files/prilohy/ATELIER-ZAMECNIK-27.jpg',	'files/prilohy/tb_ATELIER-ZAMECNIK-27.jpg',	'2020-03-21 18:51:42',	1,	2,	0),
(76,	10,	2,	0,	'#I-76#',	'ATELIER-ZAMECNIK-28',	'jpg',	'atelier-zamecnik-28',	NULL,	'files/prilohy/ATELIER-ZAMECNIK-28.jpg',	'files/prilohy/tb_ATELIER-ZAMECNIK-28.jpg',	'2020-03-21 18:51:42',	1,	2,	0),
(77,	10,	2,	0,	'#I-77#',	'ATELIER-ZAMECNIK-28X',	'jpg',	'atelier-zamecnik-28x',	NULL,	'files/prilohy/ATELIER-ZAMECNIK-28X.jpg',	'files/prilohy/tb_ATELIER-ZAMECNIK-28X.jpg',	'2020-03-21 18:51:42',	1,	2,	0),
(78,	10,	2,	0,	'#I-78#',	'ATELIER-ZAMECNIK-28X-zmena-velikosti',	'jpg',	'atelier-zamecnik-28x-zmena-velikosti',	NULL,	'files/prilohy/ATELIER-ZAMECNIK-28X-zmena-velikosti.jpg',	'files/prilohy/tb_ATELIER-ZAMECNIK-28X-zmena-velikosti.jpg',	'2020-03-21 18:51:42',	1,	2,	0),
(79,	10,	2,	0,	'#I-79#',	'ATELIER-ZAMECNIK-29',	'jpg',	'atelier-zamecnik-29',	NULL,	'files/prilohy/ATELIER-ZAMECNIK-29.jpg',	'files/prilohy/tb_ATELIER-ZAMECNIK-29.jpg',	'2020-03-21 18:51:42',	1,	2,	0),
(80,	10,	2,	0,	'#I-80#',	'ATELIER-ZAMECNIK-30',	'jpg',	'atelier-zamecnik-30',	NULL,	'files/prilohy/ATELIER-ZAMECNIK-30.jpg',	'files/prilohy/tb_ATELIER-ZAMECNIK-30.jpg',	'2020-03-21 18:51:42',	1,	2,	0),
(81,	26,	2,	0,	'#I-81#',	'ATELIER-ZAMECNIK-51',	'jpg',	'atelier-zamecnik-51',	'Toto je jeden úžasný popis...',	'files/prilohy/ATELIER-ZAMECNIK-51.jpg',	'files/prilohy/tb_ATELIER-ZAMECNIK-51.jpg',	'2020-03-22 01:18:50',	1,	2,	0),
(82,	26,	2,	0,	'#I-82#',	'ATELIER-ZAMECNIK-52',	'jpg',	'atelier-zamecnik-52',	NULL,	'files/prilohy/ATELIER-ZAMECNIK-52.jpg',	'files/prilohy/tb_ATELIER-ZAMECNIK-52.jpg',	'2020-03-22 01:18:50',	1,	2,	0),
(83,	26,	2,	0,	'#I-83#',	'Pohlad-JZx',	'jpg',	'pohlad-jzx',	NULL,	'files/prilohy/Pohlad-JZx.jpg',	'files/prilohy/tb_Pohlad-JZx.jpg',	'2020-03-22 01:18:50',	1,	2,	0),
(84,	26,	2,	0,	'#I-84#',	'Pohlad-Zx',	'jpg',	'pohlad-zx',	NULL,	'files/prilohy/Pohlad-Zx.jpg',	'files/prilohy/tb_Pohlad-Zx.jpg',	'2020-03-22 01:18:50',	1,	2,	0),
(85,	26,	2,	0,	'#I-85#',	'xxxx-1',	'jpg',	'xxxx-1',	NULL,	'files/prilohy/xxxx-1.jpg',	'files/prilohy/tb_xxxx-1.jpg',	'2020-03-22 01:18:50',	1,	2,	0),
(86,	26,	2,	0,	'#I-86#',	'xxxxxxxxx2',	'jpg',	'xxxxxxxxx2',	NULL,	'files/prilohy/xxxxxxxxx2.jpg',	'files/prilohy/tb_xxxxxxxxx2.jpg',	'2020-03-22 01:18:50',	1,	2,	0),
(169,	30,	2,	0,	'#I-169#',	'D-DR-001',	'jpg',	'd-dr-001',	'Senník na stráni pod lesom.',	'files/prilohy/D-DR-001.jpg',	'files/prilohy/tb_D-DR-001.jpg',	'2020-03-24 22:29:41',	1,	2,	0),
(170,	30,	2,	0,	'#I-170#',	'D-DR-0021',	'jpg',	'd-dr-0021',	'Koliba',	'files/prilohy/D-DR-0021.jpg',	'files/prilohy/tb_D-DR-0021.jpg',	'2020-03-24 22:29:41',	1,	2,	0),
(171,	30,	2,	0,	'#I-171#',	'D-DR-0031',	'jpg',	'd-dr-0031',	'Starý senník',	'files/prilohy/D-DR-0031.jpg',	'files/prilohy/tb_D-DR-0031.jpg',	'2020-03-24 22:29:41',	1,	2,	0),
(172,	30,	2,	0,	'#I-172#',	'D-DR-0041',	'jpg',	'd-dr-0041',	NULL,	'files/prilohy/D-DR-0041.jpg',	'files/prilohy/tb_D-DR-0041.jpg',	'2020-03-24 22:29:41',	1,	2,	0),
(173,	30,	2,	0,	'#I-173#',	'D-DR-0051',	'jpg',	'd-dr-0051',	NULL,	'files/prilohy/D-DR-0051.jpg',	'files/prilohy/tb_D-DR-0051.jpg',	'2020-03-24 22:29:41',	1,	2,	0),
(174,	30,	2,	0,	'#I-174#',	'D-DR-0061',	'jpg',	'd-dr-0061',	'Starý senník',	'files/prilohy/D-DR-0061.jpg',	'files/prilohy/tb_D-DR-0061.jpg',	'2020-03-24 22:29:41',	1,	2,	0),
(175,	30,	2,	0,	'#I-175#',	'D-DR-0071',	'jpg',	'd-dr-0071',	NULL,	'files/prilohy/D-DR-0071.jpg',	'files/prilohy/tb_D-DR-0071.jpg',	'2020-03-24 22:29:41',	1,	2,	0),
(176,	30,	2,	0,	'#I-176#',	'D-DR-0081',	'jpg',	'd-dr-0081',	NULL,	'files/prilohy/D-DR-0081.jpg',	'files/prilohy/tb_D-DR-0081.jpg',	'2020-03-24 22:29:41',	1,	2,	0),
(177,	30,	2,	0,	'#I-177#',	'D-DR-0091',	'jpg',	'd-dr-0091',	NULL,	'files/prilohy/D-DR-0091.jpg',	'files/prilohy/tb_D-DR-0091.jpg',	'2020-03-24 22:29:41',	1,	2,	0),
(178,	30,	2,	0,	'#I-178#',	'D-DR-0101',	'jpg',	'd-dr-0101',	NULL,	'files/prilohy/D-DR-0101.jpg',	'files/prilohy/tb_D-DR-0101.jpg',	'2020-03-24 22:29:41',	1,	2,	0),
(179,	30,	2,	0,	'#I-179#',	'D-DR-0111',	'jpg',	'd-dr-0111',	NULL,	'files/prilohy/D-DR-0111.jpg',	'files/prilohy/tb_D-DR-0111.jpg',	'2020-03-24 22:29:41',	1,	2,	0),
(180,	30,	2,	0,	'#I-180#',	'D-DR-0121',	'jpg',	'd-dr-0121',	NULL,	'files/prilohy/D-DR-0121.jpg',	'files/prilohy/tb_D-DR-0121.jpg',	'2020-03-24 22:29:41',	1,	2,	0),
(181,	30,	2,	0,	'#I-181#',	'D-DR-0131',	'jpg',	'd-dr-0131',	NULL,	'files/prilohy/D-DR-0131.jpg',	'files/prilohy/tb_D-DR-0131.jpg',	'2020-03-24 22:29:41',	1,	2,	0),
(182,	30,	2,	0,	'#I-182#',	'D-DR-0141',	'jpg',	'd-dr-0141',	NULL,	'files/prilohy/D-DR-0141.jpg',	'files/prilohy/tb_D-DR-0141.jpg',	'2020-03-24 22:29:41',	1,	2,	0),
(183,	30,	2,	0,	'#I-183#',	'D-DR-0151',	'jpg',	'd-dr-0151',	NULL,	'files/prilohy/D-DR-0151.jpg',	'files/prilohy/tb_D-DR-0151.jpg',	'2020-03-24 22:29:41',	1,	2,	0),
(184,	30,	2,	0,	'#I-184#',	'D-DR-0161',	'jpg',	'd-dr-0161',	NULL,	'files/prilohy/D-DR-0161.jpg',	'files/prilohy/tb_D-DR-0161.jpg',	'2020-03-24 22:29:41',	1,	2,	0),
(185,	30,	2,	0,	'#I-185#',	'D-DR-0171',	'jpg',	'd-dr-0171',	NULL,	'files/prilohy/D-DR-0171.jpg',	'files/prilohy/tb_D-DR-0171.jpg',	'2020-03-24 22:29:41',	1,	2,	0),
(186,	30,	2,	0,	'#I-186#',	'D-DR-0181',	'jpg',	'd-dr-0181',	NULL,	'files/prilohy/D-DR-0181.jpg',	'files/prilohy/tb_D-DR-0181.jpg',	'2020-03-24 22:29:41',	1,	2,	0),
(187,	30,	2,	0,	'#I-187#',	'D-DR-0191',	'jpg',	'd-dr-0191',	NULL,	'files/prilohy/D-DR-0191.jpg',	'files/prilohy/tb_D-DR-0191.jpg',	'2020-03-24 22:29:41',	1,	2,	0),
(188,	30,	2,	0,	'#I-188#',	'D-DR-0201',	'jpg',	'd-dr-0201',	NULL,	'files/prilohy/D-DR-0201.jpg',	'files/prilohy/tb_D-DR-0201.jpg',	'2020-03-24 22:29:41',	1,	2,	0),
(189,	30,	2,	0,	'#I-189#',	'D-DR-0211',	'jpg',	'd-dr-0211',	NULL,	'files/prilohy/D-DR-0211.jpg',	'files/prilohy/tb_D-DR-0211.jpg',	'2020-03-24 22:33:10',	1,	2,	0),
(190,	30,	2,	0,	'#I-190#',	'D-DR-022',	'jpg',	'd-dr-022',	NULL,	'files/prilohy/D-DR-022.jpg',	'files/prilohy/tb_D-DR-022.jpg',	'2020-03-24 22:33:10',	1,	2,	0),
(191,	30,	2,	0,	'#I-191#',	'D-DR-023',	'jpg',	'd-dr-023',	NULL,	'files/prilohy/D-DR-023.jpg',	'files/prilohy/tb_D-DR-023.jpg',	'2020-03-24 22:33:10',	1,	2,	0),
(192,	30,	2,	0,	'#I-192#',	'D-DR-024',	'jpg',	'd-dr-024',	NULL,	'files/prilohy/D-DR-024.jpg',	'files/prilohy/tb_D-DR-024.jpg',	'2020-03-24 22:33:10',	1,	2,	0),
(193,	30,	2,	0,	'#I-193#',	'D-DR-0251',	'jpg',	'd-dr-0251',	NULL,	'files/prilohy/D-DR-0251.jpg',	'files/prilohy/tb_D-DR-0251.jpg',	'2020-03-24 22:33:10',	1,	2,	0),
(194,	30,	2,	0,	'#I-194#',	'D-DR-0261',	'jpg',	'd-dr-0261',	NULL,	'files/prilohy/D-DR-0261.jpg',	'files/prilohy/tb_D-DR-0261.jpg',	'2020-03-24 22:33:10',	1,	2,	0),
(227,	36,	2,	0,	'#I-227#',	'VVQ-0590',	'jpeg',	'vvq-0590',	NULL,	'files/prilohy/VVQ-0590.jpeg',	'files/prilohy/tb_VVQ-0590.jpeg',	'2021-11-26 00:23:15',	1,	2,	0),
(228,	124,	2,	0,	'#I-228#',	'DCF-0102',	'jpeg',	'dcf-0102',	NULL,	'files/prilohy/DCF-0102.jpeg',	'files/prilohy/tb_DCF-0102.jpeg',	'2021-12-05 22:22:08',	1,	2,	0),
(229,	124,	2,	0,	'#I-229#',	'DCF-1252',	'jpeg',	'dcf-1252',	NULL,	'files/prilohy/DCF-1252.jpeg',	'files/prilohy/tb_DCF-1252.jpeg',	'2021-12-05 22:22:08',	1,	2,	0),
(230,	124,	2,	0,	'#I-230#',	'DCF-1464',	'jpeg',	'dcf-1464',	NULL,	'files/prilohy/DCF-1464.jpeg',	'files/prilohy/tb_DCF-1464.jpeg',	'2021-12-05 22:22:08',	1,	2,	0),
(231,	124,	2,	0,	'#I-231#',	'DCF-2284',	'jpeg',	'dcf-2284',	NULL,	'files/prilohy/DCF-2284.jpeg',	'files/prilohy/tb_DCF-2284.jpeg',	'2021-12-05 22:22:08',	1,	2,	0),
(232,	124,	2,	0,	'#I-232#',	'DCF-2887',	'jpeg',	'dcf-2887',	NULL,	'files/prilohy/DCF-2887.jpeg',	'files/prilohy/tb_DCF-2887.jpeg',	'2021-12-05 22:22:08',	1,	2,	0),
(233,	124,	2,	0,	'#I-233#',	'DCF-3568',	'jpeg',	'dcf-3568',	NULL,	'files/prilohy/DCF-3568.jpeg',	'files/prilohy/tb_DCF-3568.jpeg',	'2021-12-05 22:22:08',	1,	2,	0),
(234,	124,	2,	0,	'#I-234#',	'DCF-3574',	'jpeg',	'dcf-3574',	NULL,	'files/prilohy/DCF-3574.jpeg',	'files/prilohy/tb_DCF-3574.jpeg',	'2021-12-05 22:22:08',	1,	2,	0),
(235,	124,	2,	0,	'#I-235#',	'DCF-3575',	'jpeg',	'dcf-3575',	NULL,	'files/prilohy/DCF-3575.jpeg',	'files/prilohy/tb_DCF-3575.jpeg',	'2021-12-05 22:22:08',	1,	2,	0),
(236,	124,	2,	0,	'#I-236#',	'DCF-3578',	'jpeg',	'dcf-3578',	NULL,	'files/prilohy/DCF-3578.jpeg',	'files/prilohy/tb_DCF-3578.jpeg',	'2021-12-05 22:22:08',	1,	2,	0),
(237,	124,	2,	0,	'#I-237#',	'DCF-3585',	'jpeg',	'dcf-3585',	NULL,	'files/prilohy/DCF-3585.jpeg',	'files/prilohy/tb_DCF-3585.jpeg',	'2021-12-05 22:22:08',	1,	2,	0),
(238,	124,	2,	0,	'#I-238#',	'DCF-3724',	'jpeg',	'dcf-3724',	NULL,	'files/prilohy/DCF-3724.jpeg',	'files/prilohy/tb_DCF-3724.jpeg',	'2021-12-05 22:22:08',	1,	2,	0),
(239,	124,	2,	0,	'#I-239#',	'DCF-3947',	'jpeg',	'dcf-3947',	NULL,	'files/prilohy/DCF-3947.jpeg',	'files/prilohy/tb_DCF-3947.jpeg',	'2021-12-05 22:22:08',	1,	2,	0),
(240,	124,	2,	0,	'#I-240#',	'DCF-3983',	'jpeg',	'dcf-3983',	NULL,	'files/prilohy/DCF-3983.jpeg',	'files/prilohy/tb_DCF-3983.jpeg',	'2021-12-05 22:22:08',	1,	2,	0),
(241,	124,	2,	0,	'#I-241#',	'DCF-4174',	'jpeg',	'dcf-4174',	NULL,	'files/prilohy/DCF-4174.jpeg',	'files/prilohy/tb_DCF-4174.jpeg',	'2021-12-05 22:22:08',	1,	2,	0),
(242,	124,	2,	0,	'#I-242#',	'DCF-4469',	'jpeg',	'dcf-4469',	NULL,	'files/prilohy/DCF-4469.jpeg',	'files/prilohy/tb_DCF-4469.jpeg',	'2021-12-05 22:22:08',	1,	2,	0),
(243,	124,	2,	0,	'#I-243#',	'DCF-4616',	'jpeg',	'dcf-4616',	NULL,	'files/prilohy/DCF-4616.jpeg',	'files/prilohy/tb_DCF-4616.jpeg',	'2021-12-05 22:22:08',	1,	2,	0),
(244,	124,	2,	0,	'#I-244#',	'DCF-5933',	'jpeg',	'dcf-5933',	NULL,	'files/prilohy/DCF-5933.jpeg',	'files/prilohy/tb_DCF-5933.jpeg',	'2021-12-05 22:22:08',	1,	2,	0),
(245,	124,	2,	0,	'#I-245#',	'DCF-5962',	'jpeg',	'dcf-5962',	NULL,	'files/prilohy/DCF-5962.jpeg',	'files/prilohy/tb_DCF-5962.jpeg',	'2021-12-05 22:22:08',	1,	2,	0),
(246,	124,	2,	0,	'#I-246#',	'DCF-6186',	'jpeg',	'dcf-6186',	NULL,	'files/prilohy/DCF-6186.jpeg',	'files/prilohy/tb_DCF-6186.jpeg',	'2021-12-05 22:22:08',	1,	2,	0),
(247,	124,	2,	0,	'#I-247#',	'DCF-6250',	'jpeg',	'dcf-6250',	NULL,	'files/prilohy/DCF-6250.jpeg',	'files/prilohy/tb_DCF-6250.jpeg',	'2021-12-05 22:22:08',	1,	2,	0),
(253,	127,	2,	0,	'#I-253#',	'DCF-01021',	'jpeg',	'dcf-01021',	NULL,	'files/prilohy/DCF-01021.jpeg',	'files/prilohy/tb_DCF-01021.jpeg',	'2022-02-18 18:40:34',	1,	2,	0),
(254,	127,	2,	0,	'#I-254#',	'DCF-12521',	'jpeg',	'dcf-12521',	NULL,	'files/prilohy/DCF-12521.jpeg',	'files/prilohy/tb_DCF-12521.jpeg',	'2022-02-18 18:40:34',	1,	2,	0),
(255,	127,	2,	0,	'#I-255#',	'DCF-14641',	'jpeg',	'dcf-14641',	NULL,	'files/prilohy/DCF-14641.jpeg',	'files/prilohy/tb_DCF-14641.jpeg',	'2022-02-18 18:40:34',	1,	2,	0),
(256,	127,	2,	0,	'#I-256#',	'DCF-22841',	'jpeg',	'dcf-22841',	NULL,	'files/prilohy/DCF-22841.jpeg',	'files/prilohy/tb_DCF-22841.jpeg',	'2022-02-18 18:40:34',	1,	2,	0),
(257,	127,	2,	0,	'#I-257#',	'DCF-28871',	'jpeg',	'dcf-28871',	NULL,	'files/prilohy/DCF-28871.jpeg',	'files/prilohy/tb_DCF-28871.jpeg',	'2022-02-18 18:40:34',	1,	2,	0),
(258,	127,	2,	0,	'#I-258#',	'DCF-35681',	'jpeg',	'dcf-35681',	NULL,	'files/prilohy/DCF-35681.jpeg',	'files/prilohy/tb_DCF-35681.jpeg',	'2022-02-18 18:40:34',	1,	2,	0),
(259,	127,	2,	0,	'#I-259#',	'DCF-35741',	'jpeg',	'dcf-35741',	NULL,	'files/prilohy/DCF-35741.jpeg',	'files/prilohy/tb_DCF-35741.jpeg',	'2022-02-18 18:40:34',	1,	2,	0),
(260,	127,	2,	0,	'#I-260#',	'DCF-35751',	'jpeg',	'dcf-35751',	NULL,	'files/prilohy/DCF-35751.jpeg',	'files/prilohy/tb_DCF-35751.jpeg',	'2022-02-18 18:40:34',	1,	2,	0),
(261,	127,	2,	0,	'#I-261#',	'DCF-35781',	'jpeg',	'dcf-35781',	NULL,	'files/prilohy/DCF-35781.jpeg',	'files/prilohy/tb_DCF-35781.jpeg',	'2022-02-18 18:40:34',	1,	2,	0),
(262,	127,	2,	0,	'#I-262#',	'DCF-35851',	'jpeg',	'dcf-35851',	NULL,	'files/prilohy/DCF-35851.jpeg',	'files/prilohy/tb_DCF-35851.jpeg',	'2022-02-18 18:40:34',	1,	2,	0),
(263,	127,	2,	0,	'#I-263#',	'DCF-37241',	'jpeg',	'dcf-37241',	NULL,	'files/prilohy/DCF-37241.jpeg',	'files/prilohy/tb_DCF-37241.jpeg',	'2022-02-18 18:40:34',	1,	2,	0),
(264,	127,	2,	0,	'#I-264#',	'DCF-39471',	'jpeg',	'dcf-39471',	NULL,	'files/prilohy/DCF-39471.jpeg',	'files/prilohy/tb_DCF-39471.jpeg',	'2022-02-18 18:40:34',	1,	2,	0),
(265,	127,	2,	0,	'#I-265#',	'DCF-39831',	'jpeg',	'dcf-39831',	NULL,	'files/prilohy/DCF-39831.jpeg',	'files/prilohy/tb_DCF-39831.jpeg',	'2022-02-18 18:40:34',	1,	2,	0),
(266,	127,	2,	0,	'#I-266#',	'DCF-41741',	'jpeg',	'dcf-41741',	NULL,	'files/prilohy/DCF-41741.jpeg',	'files/prilohy/tb_DCF-41741.jpeg',	'2022-02-18 18:40:34',	1,	2,	0),
(267,	127,	2,	0,	'#I-267#',	'DCF-44691',	'jpeg',	'dcf-44691',	NULL,	'files/prilohy/DCF-44691.jpeg',	'files/prilohy/tb_DCF-44691.jpeg',	'2022-02-18 18:40:34',	1,	2,	0),
(268,	127,	2,	0,	'#I-268#',	'DCF-46161',	'jpeg',	'dcf-46161',	NULL,	'files/prilohy/DCF-46161.jpeg',	'files/prilohy/tb_DCF-46161.jpeg',	'2022-02-18 18:40:34',	1,	2,	0),
(269,	127,	2,	0,	'#I-269#',	'DCF-59331',	'jpeg',	'dcf-59331',	NULL,	'files/prilohy/DCF-59331.jpeg',	'files/prilohy/tb_DCF-59331.jpeg',	'2022-02-18 18:40:34',	1,	2,	0),
(270,	127,	2,	0,	'#I-270#',	'DCF-59621',	'jpeg',	'dcf-59621',	NULL,	'files/prilohy/DCF-59621.jpeg',	'files/prilohy/tb_DCF-59621.jpeg',	'2022-02-18 18:40:34',	1,	2,	0),
(271,	127,	2,	0,	'#I-271#',	'DCF-61861',	'jpeg',	'dcf-61861',	NULL,	'files/prilohy/DCF-61861.jpeg',	'files/prilohy/tb_DCF-61861.jpeg',	'2022-02-18 18:40:34',	1,	2,	0),
(272,	127,	2,	0,	'#I-272#',	'DCF-62501',	'jpeg',	'dcf-62501',	NULL,	'files/prilohy/DCF-62501.jpeg',	'files/prilohy/tb_DCF-62501.jpeg',	'2022-02-18 18:40:34',	1,	2,	0),
(273,	127,	2,	0,	'#I-273#',	'DCF-6335',	'jpeg',	'dcf-6335',	NULL,	'files/prilohy/DCF-6335.jpeg',	'files/prilohy/tb_DCF-6335.jpeg',	'2022-02-18 18:40:34',	1,	2,	0),
(274,	127,	2,	0,	'#I-274#',	'DCF-7534',	'jpeg',	'dcf-7534',	NULL,	'files/prilohy/DCF-7534.jpeg',	'files/prilohy/tb_DCF-7534.jpeg',	'2022-02-18 18:40:34',	1,	2,	0),
(275,	127,	2,	0,	'#I-275#',	'DCF-7924',	'jpeg',	'dcf-7924',	NULL,	'files/prilohy/DCF-7924.jpeg',	'files/prilohy/tb_DCF-7924.jpeg',	'2022-02-18 18:40:34',	1,	2,	0),
(276,	127,	2,	0,	'#I-276#',	'DCF-8822',	'jpeg',	'dcf-8822',	NULL,	'files/prilohy/DCF-8822.jpeg',	'files/prilohy/tb_DCF-8822.jpeg',	'2022-02-18 18:40:34',	1,	2,	0),
(277,	127,	2,	0,	'#I-277#',	'DCF-9310',	'jpeg',	'dcf-9310',	NULL,	'files/prilohy/DCF-9310.jpeg',	'files/prilohy/tb_DCF-9310.jpeg',	'2022-02-18 18:40:34',	1,	2,	0),
(278,	127,	2,	0,	'#I-278#',	'DCF-9326',	'jpeg',	'dcf-9326',	NULL,	'files/prilohy/DCF-9326.jpeg',	'files/prilohy/tb_DCF-9326.jpeg',	'2022-02-18 18:40:34',	1,	2,	0),
(279,	127,	2,	0,	'#I-279#',	'DCF-9336',	'jpeg',	'dcf-9336',	NULL,	'files/prilohy/DCF-9336.jpeg',	'files/prilohy/tb_DCF-9336.jpeg',	'2022-02-18 18:40:34',	1,	2,	0),
(280,	127,	2,	0,	'#I-280#',	'DCF-9346',	'jpeg',	'dcf-9346',	NULL,	'files/prilohy/DCF-9346.jpeg',	'files/prilohy/tb_DCF-9346.jpeg',	'2022-02-18 18:40:34',	1,	2,	0),
(281,	127,	2,	0,	'#I-281#',	'DCF-9371',	'jpeg',	'dcf-9371',	NULL,	'files/prilohy/DCF-9371.jpeg',	'files/prilohy/tb_DCF-9371.jpeg',	'2022-02-18 18:40:34',	1,	2,	0);

DROP TABLE IF EXISTS `druh`;
CREATE TABLE `druh` (
  `id` int(11) NOT NULL AUTO_INCREMENT COMMENT '[A]Id položiek',
  `druh` varchar(20) COLLATE utf8_bin NOT NULL COMMENT 'Názov druhu stredného stĺpca',
  `modul` varchar(20) COLLATE utf8_bin DEFAULT NULL COMMENT 'Názov špecifického modulu ak NULL vždy',
  `presenter` varchar(30) COLLATE utf8_bin NOT NULL COMMENT 'Názov prezenteru pre Nette',
  `popis` varchar(255) COLLATE utf8_bin DEFAULT 'Popis' COMMENT 'Popis bloku',
  `povolene` tinyint(4) NOT NULL DEFAULT 1 COMMENT 'Ak 1 tak daná položka je povolená',
  `je_spec_naz` tinyint(4) NOT NULL DEFAULT 0 COMMENT 'Ak 1 tak daný druh potrebuje špecif. názov',
  `robots` tinyint(4) NOT NULL DEFAULT 1 COMMENT 'Ak 1 tak je povolené indexovanie daného druhu',
  PRIMARY KEY (`id`)
) ENGINE=InnoDB DEFAULT CHARSET=utf8 COLLATE=utf8_bin;

INSERT INTO `druh` (`id`, `druh`, `modul`, `presenter`, `popis`, `povolene`, `je_spec_naz`, `robots`) VALUES
(1,	'clanky',	NULL,	'Clanky',	'Články - Stredná časť je ako článok, alebo je sub-menu',	1,	1,	1),
(3,	'menupol',	NULL,	'Menu',	'Položka menu - nerobí nič, len zobrazí všetky položky, ktoré sú v nej zaradené',	1,	1,	1),
(5,	'oznam',	NULL,	'Oznam',	'Vypísanie oznamov',	0,	0,	1),
(7,	'dokumenty',	NULL,	'Dokumenty',	'Vkladanie dokumentov do stránky',	0,	0,	0),
(8,	'products',	NULL,	'Products',	'Produkty',	1,	0,	0);

DROP TABLE IF EXISTS `faktury`;
CREATE TABLE `faktury` (
  `id` int(11) NOT NULL AUTO_INCREMENT,
  `id_hlavne_menu` int(11) NOT NULL DEFAULT 1 COMMENT 'Ku ktorej položke patrí',
  `nazov` varchar(50) COLLATE utf8_bin DEFAULT NULL COMMENT 'Názov titulku pre daný dokument',
  `cislo` varchar(20) COLLATE utf8_bin DEFAULT NULL COMMENT 'Číslo faktúry, zmluvy, objednávky',
  `predmet` varchar(200) COLLATE utf8_bin DEFAULT NULL COMMENT 'Predmet faktúry, zmluvy, objednávky',
  `cena` float(15,2) DEFAULT NULL COMMENT 'Cena faktúry, zmluvy, objednávky',
  `subjekt` varchar(200) COLLATE utf8_bin DEFAULT NULL COMMENT 'Subjekt faktúry,  objednávky - (dodávateľ), zmluvy(Zmluvná strana)',
  `datum_vystavenia` date DEFAULT NULL COMMENT 'Dátum vystavenia pri faktúre a objednávke pri zmluve dátum uzatvorenia',
  `datum_ukoncenia` date DEFAULT NULL COMMENT 'Dátum ukoncenia zmluvy',
  `subor` varchar(50) COLLATE utf8_bin NOT NULL COMMENT 'Názov súboru s relatívnou cestou',
  `id_user_main` int(11) NOT NULL DEFAULT 1 COMMENT 'Kto pridal dokument',
  `id_reg` int(11) NOT NULL DEFAULT 0 COMMENT 'Úroveň registrácie',
  `kedy` timestamp /* mariadb-5.3 */ NOT NULL DEFAULT current_timestamp() ON UPDATE current_timestamp() COMMENT 'Dátum uloženia alebo opravy - časová pečiatka',
  `pocitadlo` int(11) NOT NULL DEFAULT 0 COMMENT 'Počítadlo stiahnutí',
  `id_skupina` int(11) NOT NULL DEFAULT 0 COMMENT 'Id článku do ktorej časti dokument patrí',
  `id_rok` int(11) NOT NULL DEFAULT 0 COMMENT 'Id roku do ktorého sa má zaradiť',
  PRIMARY KEY (`id`),
  KEY `id_hlavne_menu` (`id_hlavne_menu`),
  KEY `id_user_profiles` (`id_user_main`),
  CONSTRAINT `faktury_ibfk_1` FOREIGN KEY (`id_hlavne_menu`) REFERENCES `hlavne_menu` (`id`),
  CONSTRAINT `faktury_ibfk_3` FOREIGN KEY (`id_user_main`) REFERENCES `user_main` (`id`)
) ENGINE=InnoDB DEFAULT CHARSET=utf8 COLLATE=utf8_bin;


DROP TABLE IF EXISTS `hlavicka`;
CREATE TABLE `hlavicka` (
  `id` int(11) NOT NULL COMMENT '[A]Index',
  `nazov` varchar(40) COLLATE utf8_bin NOT NULL DEFAULT 'Veľká' COMMENT 'Zobrazený názov pre daný typ hlavičky',
  `pripona` varchar(10) COLLATE utf8_bin DEFAULT NULL COMMENT 'Prípona názvu súborov',
  PRIMARY KEY (`id`)
) ENGINE=InnoDB DEFAULT CHARSET=utf8 COLLATE=utf8_bin;

INSERT INTO `hlavicka` (`id`, `nazov`, `pripona`) VALUES
(0,	'Nerozhoduje',	' '),
(1,	'Veľká',	'normal'),
(2,	'Malá',	'small'),
(3,	'Veľká bez ponuky podčlánkov',	'normal'),
(4,	'Malá bez ponuky podčlánkov',	NULL);

DROP TABLE IF EXISTS `hlavne_menu`;
CREATE TABLE `hlavne_menu` (
  `id` int(11) NOT NULL AUTO_INCREMENT COMMENT '[5]Id položky hlavného menu',
  `spec_nazov` varchar(100) COLLATE utf8_bin DEFAULT NULL COMMENT 'Názov položky menu pre URL',
  `id_hlavne_menu_cast` int(11) NOT NULL DEFAULT 1 COMMENT '[5]Ku ktorej časti hl. menu patrí položka',
  `id_user_roles` int(11) NOT NULL DEFAULT 0 COMMENT 'Id min úrovne registrácie pre zobrazenie',
  `id_ikonka` int(11) DEFAULT NULL COMMENT '[4]Názov súboru ikonky aj s koncovkou',
  `id_druh` int(11) NOT NULL DEFAULT 1 COMMENT '[5]Výber druhu priradenej položky. Ak 1 tak je možné priradiť článok v náväznosti na tab. druh',
  `uroven` tinyint(4) NOT NULL DEFAULT 0 COMMENT 'Úroveň položky menu',
  `id_nadradenej` int(11) DEFAULT NULL COMMENT 'Id nadradenej položky menu z tejto tabuľky ',
  `id_user_main` int(11) NOT NULL DEFAULT 1 COMMENT 'Id užívateľa',
  `poradie` int(11) NOT NULL DEFAULT 1 COMMENT 'Poradie v zobrazení',
  `id_hlavicka` int(11) NOT NULL DEFAULT 0 COMMENT '[5]Druh hlavičky podľa tabuľky hlavicka. 1 - velka',
  `id_hlavne_menu_opravnenie` int(11) NOT NULL DEFAULT 0 COMMENT 'Povolenie pre nevlastníkov (0-žiadne,1- podčlánky,2-editacia,4-všetko)',
  `zvyrazni` tinyint(4) NOT NULL DEFAULT 0 COMMENT '[5]Zvýraznenie položky menu pri pridaní obsahu',
  `pocitadlo` int(11) NOT NULL DEFAULT 0 COMMENT '[R]Počítadlo kliknutí na položku',
  `nazov_ul_sub` varchar(20) COLLATE utf8_bin DEFAULT NULL COMMENT '[5]Názov pomocnej triedy ul-elsementu sub menu',
  `id_hlavne_menu_template` int(11) NOT NULL DEFAULT 1 COMMENT 'Vzhľad šablóny',
  `absolutna` varchar(100) COLLATE utf8_bin DEFAULT NULL COMMENT 'Absolútna adresa',
  `ikonka` varchar(30) COLLATE utf8_bin DEFAULT NULL COMMENT 'Názov css ikonky',
  `avatar` varchar(300) COLLATE utf8_bin DEFAULT NULL COMMENT 'Názov a cesta k titulnému obrázku',
  `komentar` tinyint(4) NOT NULL DEFAULT 0 COMMENT 'Povolenie komentárov',
  `modified` timestamp NOT NULL DEFAULT current_timestamp() ON UPDATE current_timestamp() COMMENT 'Posledná zmena',
  `datum_platnosti` date DEFAULT NULL COMMENT 'Platnosť',
  `aktualny_projekt` tinyint(4) NOT NULL DEFAULT 0 COMMENT 'Označenie aktuálneho projektu',
  `redirect_id` int(11) DEFAULT NULL COMMENT 'Id článku na ktorý sa má presmerovať',
  `id_dlzka_novinky` int(11) NOT NULL DEFAULT 1 COMMENT 'Do kedy je to novinka',
  `border_a` varchar(15) COLLATE utf8_bin DEFAULT NULL COMMENT 'Okraj A: ffffff|hhh f-farba h-hrúbka',
  `border_b` varchar(15) COLLATE utf8_bin DEFAULT NULL COMMENT 'Okraj B: ffffff|hhh f-farba h-hrúbka',
  `border_c` varchar(15) COLLATE utf8_bin DEFAULT NULL COMMENT 'Okraj C: ffffff|hhh f-farba h-hrúbka',
  `id_user_categories` int(11) DEFAULT NULL COMMENT 'Opravnenie podľa kategórie',
  PRIMARY KEY (`id`),
  KEY `id_reg` (`id_user_roles`),
  KEY `druh` (`id_druh`),
  KEY `id_ikonka` (`id_ikonka`),
  KEY `id_hlavicka` (`id_hlavicka`),
  KEY `id_hlavne_menu_cast` (`id_hlavne_menu_cast`),
  KEY `id_user_profiles` (`id_user_main`),
  KEY `id_dlzka_novinky` (`id_dlzka_novinky`),
  KEY `id_hlavne_menu_opravnenie` (`id_hlavne_menu_opravnenie`),
  KEY `id_hlavne_menu_template` (`id_hlavne_menu_template`),
  KEY `id_user_categories` (`id_user_categories`),
  CONSTRAINT `hlavne_menu_ibfk_10` FOREIGN KEY (`id_user_roles`) REFERENCES `user_roles` (`id`),
  CONSTRAINT `hlavne_menu_ibfk_11` FOREIGN KEY (`id_hlavne_menu_opravnenie`) REFERENCES `hlavne_menu_opravnenie` (`id`),
  CONSTRAINT `hlavne_menu_ibfk_12` FOREIGN KEY (`id_hlavne_menu_template`) REFERENCES `hlavne_menu_template` (`id`),
  CONSTRAINT `hlavne_menu_ibfk_13` FOREIGN KEY (`id_user_categories`) REFERENCES `user_categories` (`id`),
  CONSTRAINT `hlavne_menu_ibfk_2` FOREIGN KEY (`id_ikonka`) REFERENCES `ikonka` (`id`),
  CONSTRAINT `hlavne_menu_ibfk_4` FOREIGN KEY (`id_hlavicka`) REFERENCES `hlavicka` (`id`),
  CONSTRAINT `hlavne_menu_ibfk_5` FOREIGN KEY (`id_hlavne_menu_cast`) REFERENCES `hlavne_menu_cast` (`id`),
  CONSTRAINT `hlavne_menu_ibfk_6` FOREIGN KEY (`id_druh`) REFERENCES `druh` (`id`),
  CONSTRAINT `hlavne_menu_ibfk_8` FOREIGN KEY (`id_dlzka_novinky`) REFERENCES `dlzka_novinky` (`id`),
  CONSTRAINT `hlavne_menu_ibfk_9` FOREIGN KEY (`id_user_main`) REFERENCES `user_main` (`id`)
) ENGINE=InnoDB DEFAULT CHARSET=utf8 COLLATE=utf8_bin COMMENT='Položky hlavného menu';

INSERT INTO `hlavne_menu` (`id`, `spec_nazov`, `id_hlavne_menu_cast`, `id_user_roles`, `id_ikonka`, `id_druh`, `uroven`, `id_nadradenej`, `id_user_main`, `poradie`, `id_hlavicka`, `id_hlavne_menu_opravnenie`, `zvyrazni`, `pocitadlo`, `nazov_ul_sub`, `id_hlavne_menu_template`, `absolutna`, `ikonka`, `avatar`, `komentar`, `modified`, `datum_platnosti`, `aktualny_projekt`, `redirect_id`, `id_dlzka_novinky`, `border_a`, `border_b`, `border_c`, `id_user_categories`) VALUES
(1,	'bw-fotografia',	1,	0,	NULL,	3,	0,	NULL,	2,	1,	0,	0,	0,	0,	NULL,	3,	NULL,	NULL,	'm43j0jdheib6sg4.jpeg',	0,	'2022-02-02 17:56:10',	NULL,	0,	NULL,	1,	NULL,	NULL,	NULL,	NULL),
(2,	'architekura',	1,	0,	NULL,	3,	0,	NULL,	2,	3,	0,	0,	0,	0,	NULL,	3,	NULL,	NULL,	'igisujjgwz8ys9m.jpeg',	0,	'2022-02-02 17:56:32',	NULL,	0,	NULL,	1,	NULL,	NULL,	NULL,	NULL),
(3,	'foto-rgb',	1,	0,	NULL,	3,	0,	NULL,	2,	5,	1,	0,	0,	0,	NULL,	3,	NULL,	NULL,	'bm7d072kv9qi76a.jpeg',	0,	'2022-02-02 17:56:56',	NULL,	0,	NULL,	1,	NULL,	NULL,	NULL,	NULL),
(4,	'produkty',	1,	0,	NULL,	1,	0,	NULL,	2,	2,	2,	0,	0,	0,	NULL,	3,	NULL,	NULL,	NULL,	0,	'2022-02-24 18:18:46',	NULL,	0,	NULL,	1,	NULL,	NULL,	NULL,	NULL),
(5,	'novinky',	1,	0,	NULL,	1,	0,	NULL,	2,	4,	2,	0,	0,	0,	NULL,	1,	NULL,	'newspaper',	NULL,	0,	'2020-07-30 08:06:52',	NULL,	0,	NULL,	1,	NULL,	NULL,	NULL,	NULL),
(6,	'vystavy',	1,	0,	NULL,	1,	0,	NULL,	2,	6,	0,	0,	0,	0,	NULL,	1,	NULL,	'archway',	NULL,	0,	'2020-07-30 08:07:36',	NULL,	0,	NULL,	1,	NULL,	NULL,	NULL,	NULL),
(10,	'cast-a-2',	1,	0,	NULL,	1,	1,	2,	2,	2,	1,	0,	0,	0,	NULL,	7,	NULL,	NULL,	'qejapifs8ada1do.JPG',	0,	'2022-02-01 09:33:23',	NULL,	0,	NULL,	1,	NULL,	NULL,	NULL,	NULL),
(11,	'obchodne-podmienky',	2,	0,	NULL,	1,	0,	NULL,	2,	1,	0,	0,	0,	0,	NULL,	1,	NULL,	NULL,	NULL,	0,	'2017-10-05 05:54:09',	NULL,	0,	NULL,	1,	NULL,	NULL,	NULL,	NULL),
(12,	'kontakt',	2,	0,	NULL,	1,	0,	NULL,	2,	2,	0,	0,	0,	0,	NULL,	1,	NULL,	NULL,	'x8jx3wr9rxs47fc.jpg',	0,	'2018-07-19 09:19:35',	NULL,	0,	NULL,	1,	NULL,	NULL,	NULL,	NULL),
(13,	'kalibracia',	2,	0,	NULL,	1,	0,	NULL,	2,	3,	0,	0,	0,	0,	NULL,	1,	NULL,	NULL,	NULL,	0,	'2017-10-05 06:14:20',	NULL,	0,	NULL,	1,	NULL,	NULL,	NULL,	NULL),
(14,	'homepage',	3,	0,	NULL,	1,	0,	NULL,	2,	1,	0,	0,	0,	0,	NULL,	4,	NULL,	NULL,	NULL,	0,	'2017-11-23 11:49:33',	NULL,	0,	NULL,	1,	NULL,	NULL,	NULL,	NULL),
(15,	'homepage-dole',	3,	0,	NULL,	1,	0,	NULL,	2,	2,	0,	0,	0,	0,	NULL,	5,	NULL,	NULL,	NULL,	0,	'2017-11-23 11:49:33',	NULL,	0,	NULL,	1,	NULL,	NULL,	NULL,	NULL),
(26,	'cast-a-4',	1,	0,	NULL,	1,	1,	2,	2,	4,	0,	0,	0,	0,	NULL,	2,	NULL,	NULL,	'i2ipr8grdovqlll.jpg',	0,	'2021-09-22 15:17:11',	NULL,	0,	NULL,	1,	'#000000|2',	'#543f3f|2',	'#dbce81|2',	NULL),
(27,	'a-gggddd',	1,	0,	NULL,	1,	1,	2,	2,	5,	0,	0,	0,	0,	NULL,	1,	NULL,	NULL,	'y6f3xh7tqi3j1c3.jpeg',	0,	'2021-09-21 15:40:45',	NULL,	0,	NULL,	1,	NULL,	NULL,	NULL,	NULL),
(30,	'test-bw-ramceky-1',	1,	0,	NULL,	1,	1,	1,	2,	3,	0,	0,	0,	0,	NULL,	2,	NULL,	NULL,	'2oii2se0seasgkq.jpeg',	0,	'2021-12-01 18:15:07',	NULL,	0,	NULL,	1,	'#c0c0c0|10',	'#ffffff|10',	'#808040|10',	NULL),
(33,	'test-rozlisenia-2021-2',	1,	0,	NULL,	1,	1,	3,	2,	7,	0,	0,	0,	0,	NULL,	2,	NULL,	NULL,	'jgfwsqeyo3kg9td.jpeg',	0,	'2022-02-21 20:24:44',	NULL,	0,	NULL,	1,	NULL,	NULL,	NULL,	NULL),
(34,	'slajdery',	1,	0,	NULL,	3,	1,	3,	2,	8,	0,	0,	0,	0,	NULL,	3,	NULL,	NULL,	'e4779iqcbvy3t3l.jpeg',	0,	'2022-02-21 20:24:22',	NULL,	0,	NULL,	1,	NULL,	NULL,	NULL,	NULL),
(35,	'podslajder-1',	1,	0,	NULL,	1,	2,	34,	2,	1,	0,	0,	0,	0,	NULL,	6,	NULL,	NULL,	'4y0qi1pzlxvzpl7.jpeg',	0,	'2021-11-25 15:00:59',	NULL,	0,	NULL,	1,	NULL,	NULL,	NULL,	NULL),
(36,	'test-rozlisenia-3',	1,	0,	NULL,	1,	1,	1,	2,	4,	0,	0,	0,	0,	NULL,	2,	NULL,	NULL,	'2hud47ztjhk2f4h.jpeg',	0,	'2021-12-01 18:14:45',	NULL,	0,	NULL,	1,	'#000000|5',	'#c0c0c0|20',	'#ffffff|5',	NULL),
(38,	'krajina1',	1,	0,	NULL,	3,	1,	3,	2,	10,	0,	0,	0,	0,	NULL,	3,	NULL,	NULL,	'e3065bzw2g2l0n0.jpeg',	0,	'2022-02-21 20:18:37',	NULL,	0,	NULL,	1,	NULL,	NULL,	NULL,	NULL),
(39,	'krajina-top',	1,	0,	NULL,	1,	2,	38,	2,	1,	0,	0,	0,	0,	NULL,	2,	NULL,	NULL,	'9ihvtanix4x7t5c.jpeg',	0,	'2021-12-01 22:10:03',	NULL,	0,	NULL,	1,	NULL,	NULL,	NULL,	NULL),
(40,	'krajina-jesenna',	1,	0,	NULL,	1,	2,	38,	2,	2,	0,	0,	0,	0,	NULL,	1,	NULL,	NULL,	'0yf6t9g9vhkwjmu.jpeg',	0,	'2021-11-28 00:29:51',	NULL,	0,	NULL,	1,	NULL,	NULL,	NULL,	NULL),
(41,	'krajina-letna',	1,	0,	NULL,	1,	2,	38,	2,	3,	0,	0,	0,	0,	NULL,	1,	NULL,	NULL,	'tz56c6l5w6a4e65.jpeg',	0,	'2021-11-28 00:30:14',	NULL,	0,	NULL,	1,	NULL,	NULL,	NULL,	NULL),
(42,	'krajina-zimna',	1,	0,	NULL,	1,	2,	38,	2,	4,	0,	0,	0,	0,	NULL,	1,	NULL,	NULL,	'0jp028sv98tvrhn.jpeg',	0,	'2021-11-28 00:30:39',	NULL,	0,	NULL,	1,	NULL,	NULL,	NULL,	NULL),
(43,	'krajina-protisvetlo',	1,	0,	NULL,	1,	2,	38,	2,	5,	0,	0,	0,	0,	NULL,	1,	NULL,	NULL,	'mqnfh2lg49z6opw.jpeg',	0,	'2021-11-28 00:31:16',	NULL,	0,	NULL,	1,	NULL,	NULL,	NULL,	NULL),
(44,	'krajina-hmly-a-inverzie',	1,	0,	NULL,	1,	2,	38,	2,	6,	0,	0,	0,	0,	NULL,	1,	NULL,	NULL,	'jrg3xkmnoe22vsu.jpeg',	0,	'2021-11-28 00:31:48',	NULL,	0,	NULL,	1,	NULL,	NULL,	NULL,	NULL),
(45,	'krajina-cudzina',	1,	0,	NULL,	1,	2,	38,	2,	7,	0,	0,	0,	0,	NULL,	1,	NULL,	NULL,	'9g2aq23op76xy61.jpeg',	0,	'2021-11-28 00:41:17',	NULL,	0,	NULL,	1,	NULL,	NULL,	NULL,	NULL),
(48,	'krajina-panoramy-2',	1,	0,	NULL,	3,	2,	38,	2,	9,	0,	0,	0,	0,	NULL,	3,	NULL,	NULL,	'4qep598nrfb38mc.jpeg',	0,	'2021-11-28 00:32:50',	NULL,	0,	NULL,	1,	NULL,	NULL,	NULL,	NULL),
(49,	'krajina-panoramy-a1',	1,	0,	NULL,	1,	3,	48,	2,	1,	0,	0,	0,	0,	NULL,	6,	NULL,	NULL,	'zhyeo4cs2ylsdnd.jpeg',	0,	'2021-11-28 00:41:57',	NULL,	0,	NULL,	1,	NULL,	NULL,	NULL,	NULL),
(50,	'krajina-panoramy-b',	1,	0,	NULL,	1,	3,	48,	2,	2,	0,	0,	0,	0,	NULL,	6,	NULL,	NULL,	'rhtc5nzmgbez10g.jpeg',	0,	'2021-11-28 00:42:28',	NULL,	0,	NULL,	1,	NULL,	NULL,	NULL,	NULL),
(51,	'krajina-panoramy-c',	1,	0,	NULL,	1,	3,	48,	2,	3,	0,	0,	0,	0,	NULL,	6,	NULL,	NULL,	'ixhhbw3yms534es.jpeg',	0,	'2021-11-28 00:42:55',	NULL,	0,	NULL,	1,	NULL,	NULL,	NULL,	NULL),
(52,	'tatry',	1,	0,	NULL,	3,	1,	3,	2,	11,	0,	0,	0,	0,	NULL,	3,	NULL,	NULL,	'i4lssss1pzi1dqn.jpeg',	0,	'2022-02-21 20:19:03',	NULL,	0,	NULL,	1,	NULL,	NULL,	NULL,	NULL),
(53,	'tatry-top',	1,	0,	NULL,	1,	2,	52,	2,	1,	0,	0,	0,	0,	NULL,	1,	NULL,	NULL,	'hl1e1v2xr5b8gt2.jpeg',	0,	'2021-12-01 22:10:27',	NULL,	0,	NULL,	1,	NULL,	NULL,	NULL,	NULL),
(54,	'tatry1',	1,	0,	NULL,	1,	2,	52,	2,	2,	0,	0,	0,	0,	NULL,	1,	NULL,	NULL,	'64ru9cny8d3hjsm.jpeg',	0,	'2021-11-28 00:54:53',	NULL,	0,	NULL,	1,	NULL,	NULL,	NULL,	NULL),
(55,	'tatry-vychod',	1,	0,	NULL,	1,	2,	52,	2,	3,	0,	0,	0,	0,	NULL,	1,	NULL,	NULL,	'ab8s8o5cq4ss2ux.jpeg',	0,	'2021-11-28 00:55:32',	NULL,	0,	NULL,	1,	NULL,	NULL,	NULL,	NULL),
(56,	'tatry-zapad',	1,	0,	NULL,	1,	2,	52,	2,	4,	0,	0,	0,	0,	NULL,	1,	NULL,	NULL,	'9zr91xil8dw16bn.jpeg',	0,	'2021-11-28 00:56:08',	NULL,	0,	NULL,	1,	NULL,	NULL,	NULL,	NULL),
(57,	'tatry-zatisie',	1,	0,	NULL,	1,	2,	52,	2,	5,	0,	0,	0,	0,	NULL,	1,	NULL,	NULL,	'us51r2l2uyo6v16.jpeg',	0,	'2021-11-28 00:56:37',	NULL,	0,	NULL,	1,	NULL,	NULL,	NULL,	NULL),
(58,	'tatranske-panoramy',	1,	0,	NULL,	3,	2,	52,	2,	6,	0,	0,	0,	0,	NULL,	3,	NULL,	NULL,	'm2f9kwg47ems58z.jpeg',	0,	'2021-11-28 01:03:42',	NULL,	0,	NULL,	1,	NULL,	NULL,	NULL,	NULL),
(59,	'tatranske-panoramy-centralne',	1,	0,	NULL,	1,	3,	58,	2,	1,	0,	0,	0,	0,	NULL,	1,	NULL,	NULL,	'lldkuchc2ul6l1u.jpeg',	0,	'2021-11-28 01:01:57',	NULL,	0,	NULL,	1,	NULL,	NULL,	NULL,	NULL),
(60,	'tatranske-panoramy-vychodne',	1,	0,	NULL,	1,	3,	58,	2,	2,	0,	0,	0,	0,	NULL,	1,	NULL,	NULL,	'3dmdb38fxryh19i.jpeg',	0,	'2021-11-28 01:02:23',	NULL,	0,	NULL,	1,	NULL,	NULL,	NULL,	NULL),
(61,	'tatranske-panoramy-zapadne',	1,	0,	NULL,	1,	3,	58,	2,	3,	0,	0,	0,	0,	NULL,	1,	NULL,	NULL,	'hmkoeepoe36jee3.jpeg',	0,	'2021-11-28 01:03:08',	NULL,	0,	NULL,	1,	NULL,	NULL,	NULL,	NULL),
(62,	'zatisie',	1,	0,	NULL,	3,	1,	3,	2,	12,	0,	0,	0,	0,	NULL,	3,	NULL,	NULL,	'fae1mhdi8wmb1ir.jpeg',	0,	'2022-02-21 20:19:31',	NULL,	0,	NULL,	1,	NULL,	NULL,	NULL,	NULL),
(63,	'zatisie-top',	1,	0,	NULL,	1,	2,	62,	2,	1,	0,	0,	0,	0,	NULL,	2,	NULL,	NULL,	'c4f98jhsmdvyccz.jpeg',	0,	'2021-12-01 22:10:51',	NULL,	0,	NULL,	1,	NULL,	NULL,	NULL,	NULL),
(64,	'zatisie-prirodne',	1,	0,	NULL,	1,	2,	62,	2,	2,	0,	0,	0,	0,	NULL,	2,	NULL,	NULL,	'fiaqaxdtl8iuh4y.jpeg',	0,	'2021-11-28 01:07:05',	NULL,	0,	NULL,	1,	NULL,	NULL,	NULL,	NULL),
(65,	'zatisie-dedina',	1,	0,	NULL,	1,	2,	62,	2,	3,	0,	0,	0,	0,	NULL,	2,	NULL,	NULL,	'pcwvr0j1xlbwoyd.jpeg',	0,	'2021-11-28 01:07:33',	NULL,	0,	NULL,	1,	NULL,	NULL,	NULL,	NULL),
(66,	'zatisie-mesto',	1,	0,	NULL,	1,	2,	62,	2,	4,	0,	0,	0,	0,	NULL,	2,	NULL,	NULL,	'j6psynzp8uajy2u.jpeg',	0,	'2021-11-28 01:07:52',	NULL,	0,	NULL,	1,	NULL,	NULL,	NULL,	NULL),
(67,	'zatisie-stromy',	1,	0,	NULL,	1,	2,	62,	2,	5,	0,	0,	0,	0,	NULL,	2,	NULL,	NULL,	'xxnrd1xlmn761g0.jpeg',	0,	'2021-11-28 01:08:14',	NULL,	0,	NULL,	1,	NULL,	NULL,	NULL,	NULL),
(68,	'zatisie-architektura',	1,	0,	NULL,	1,	2,	62,	2,	6,	0,	0,	0,	0,	NULL,	2,	NULL,	NULL,	'qjzra0j2t12out3.jpeg',	0,	'2021-11-28 01:08:59',	NULL,	0,	NULL,	1,	NULL,	NULL,	NULL,	NULL),
(69,	'zatisie-strateny-svet',	1,	0,	NULL,	3,	2,	62,	2,	7,	0,	0,	0,	0,	NULL,	3,	NULL,	NULL,	'uygnsqawwpnf86t.jpeg',	0,	'2021-11-28 01:09:34',	NULL,	0,	NULL,	1,	NULL,	NULL,	NULL,	NULL),
(70,	'streateny-svet',	1,	0,	NULL,	1,	3,	69,	2,	1,	0,	0,	0,	0,	NULL,	2,	NULL,	NULL,	'3z2ic7tud7dfgs8.jpeg',	0,	'2021-12-01 22:13:53',	NULL,	0,	NULL,	1,	NULL,	NULL,	NULL,	NULL),
(71,	'struktura',	1,	0,	NULL,	3,	1,	3,	2,	13,	0,	0,	0,	0,	NULL,	3,	NULL,	NULL,	'pspfybihfhqfq6m.jpeg',	0,	'2022-02-21 20:19:55',	NULL,	0,	NULL,	1,	NULL,	NULL,	NULL,	NULL),
(72,	'top-struktura',	1,	0,	NULL,	1,	2,	71,	2,	1,	0,	0,	0,	0,	NULL,	2,	NULL,	NULL,	'ibklhqwlo5h5sqj.jpeg',	0,	'2021-12-01 22:11:27',	NULL,	0,	NULL,	1,	NULL,	NULL,	NULL,	NULL),
(73,	'struktury-drevene',	1,	0,	NULL,	1,	2,	71,	2,	2,	0,	0,	0,	0,	NULL,	2,	NULL,	NULL,	'am7lcj4038wlhhz.jpeg',	0,	'2021-11-28 01:22:14',	NULL,	0,	NULL,	1,	NULL,	NULL,	NULL,	NULL),
(74,	'struktury-snehove',	1,	0,	NULL,	1,	2,	71,	2,	3,	0,	0,	0,	0,	NULL,	2,	NULL,	NULL,	'sqcu0i9u1n6fuih.jpeg',	0,	'2021-11-28 01:22:32',	NULL,	0,	NULL,	1,	NULL,	NULL,	NULL,	NULL),
(75,	'struktury-vody',	1,	0,	NULL,	1,	2,	71,	2,	4,	0,	0,	0,	0,	NULL,	2,	NULL,	NULL,	'2tcqv3pwhvdrpu4.jpeg',	0,	'2021-11-28 01:22:53',	NULL,	0,	NULL,	1,	NULL,	NULL,	NULL,	NULL),
(76,	'struktury-kamena',	1,	0,	NULL,	1,	2,	71,	2,	5,	0,	0,	0,	0,	NULL,	2,	NULL,	NULL,	'k6jq2274moepn31.jpeg',	0,	'2021-11-28 01:23:11',	NULL,	0,	NULL,	1,	NULL,	NULL,	NULL,	NULL),
(77,	'struktury-oblohy',	1,	0,	NULL,	1,	2,	71,	2,	6,	0,	0,	0,	0,	NULL,	2,	NULL,	NULL,	'p9zavimpmgjftsz.jpeg',	0,	'2021-11-28 01:23:30',	NULL,	0,	NULL,	1,	NULL,	NULL,	NULL,	NULL),
(78,	'struktury-prirodne',	1,	0,	NULL,	1,	2,	71,	2,	7,	0,	0,	0,	0,	NULL,	2,	NULL,	NULL,	'luly31g9zeqcwn7.jpeg',	0,	'2021-11-28 01:24:11',	NULL,	0,	NULL,	1,	NULL,	NULL,	NULL,	NULL),
(79,	'struktury-architektnicke',	1,	0,	NULL,	1,	2,	71,	2,	8,	0,	0,	0,	0,	NULL,	2,	NULL,	NULL,	'3uhj5kho66445hg.jpeg',	0,	'2021-11-28 01:24:26',	NULL,	0,	NULL,	1,	NULL,	NULL,	NULL,	NULL),
(80,	'struktury-ostatne',	1,	0,	NULL,	1,	2,	71,	2,	9,	0,	0,	0,	0,	NULL,	2,	NULL,	NULL,	'3fixhpkpgvigkzr.jpeg',	0,	'2021-11-28 01:24:49',	NULL,	0,	NULL,	1,	NULL,	NULL,	NULL,	NULL),
(81,	'atelier-digi',	1,	0,	NULL,	3,	1,	3,	2,	14,	0,	0,	0,	0,	NULL,	3,	NULL,	NULL,	'4qpd5vre7jgk98x.jpeg',	0,	'2022-02-21 20:20:14',	NULL,	0,	NULL,	1,	NULL,	NULL,	NULL,	NULL),
(82,	'top-atelier',	1,	0,	NULL,	1,	2,	81,	2,	1,	0,	0,	0,	0,	NULL,	2,	NULL,	NULL,	'amkl07o2ciiqjjk.jpeg',	0,	'2021-12-01 22:11:47',	NULL,	0,	NULL,	1,	NULL,	NULL,	NULL,	NULL),
(83,	'strateny-svet',	1,	0,	NULL,	1,	3,	69,	2,	2,	0,	0,	0,	0,	NULL,	2,	NULL,	NULL,	'ypoyjyjf9ken81q.jpeg',	0,	'2021-11-28 01:14:34',	NULL,	0,	NULL,	1,	NULL,	NULL,	NULL,	NULL),
(84,	'kostoly-a-kryze',	1,	0,	NULL,	1,	3,	69,	2,	3,	0,	0,	0,	0,	NULL,	2,	NULL,	NULL,	'4fwank08ml8wzxx.jpeg',	0,	'2021-11-28 01:16:44',	NULL,	0,	NULL,	1,	NULL,	NULL,	NULL,	NULL),
(85,	'neviem-co',	1,	0,	NULL,	1,	3,	69,	2,	4,	0,	0,	0,	0,	NULL,	2,	NULL,	NULL,	'2r1b0s2ieqwjkd4.jpeg',	0,	'2021-11-28 01:18:51',	NULL,	0,	NULL,	1,	NULL,	NULL,	NULL,	NULL),
(86,	'nostalgicke',	1,	0,	NULL,	1,	2,	81,	2,	2,	0,	0,	0,	0,	NULL,	2,	NULL,	NULL,	'cebaus9jvuzmxyz.jpeg',	0,	'2021-11-28 01:29:55',	NULL,	0,	NULL,	1,	NULL,	NULL,	NULL,	NULL),
(87,	'ahoj',	1,	0,	NULL,	1,	2,	81,	2,	3,	0,	0,	0,	0,	NULL,	2,	NULL,	NULL,	'2leiq7hhg2ti09k.jpeg',	0,	'2021-11-28 01:30:45',	NULL,	0,	NULL,	1,	NULL,	NULL,	NULL,	NULL),
(88,	'testy-a-skusky',	1,	0,	NULL,	3,	1,	2,	2,	6,	0,	0,	0,	0,	NULL,	3,	NULL,	NULL,	'yhrahk5xo7ovk9k.jpeg',	0,	'2021-11-28 20:18:07',	NULL,	0,	NULL,	1,	NULL,	NULL,	NULL,	NULL),
(89,	'test-zobrazenia-top-kategorie',	1,	0,	NULL,	3,	2,	88,	2,	1,	0,	0,	0,	0,	NULL,	3,	NULL,	NULL,	'ywa2qwj3fty9dxk.jpeg',	0,	'2021-11-28 20:16:06',	NULL,	0,	NULL,	1,	NULL,	NULL,	NULL,	NULL),
(90,	'test-velky-roh-1',	1,	0,	NULL,	1,	3,	89,	2,	1,	0,	0,	0,	0,	NULL,	2,	NULL,	NULL,	'y6jvmz50u1lnir7.jpeg',	0,	'2021-11-28 20:15:31',	NULL,	0,	NULL,	1,	NULL,	NULL,	NULL,	NULL),
(91,	'test-velky-roh-2',	1,	0,	NULL,	1,	3,	89,	2,	2,	0,	0,	0,	0,	NULL,	2,	NULL,	NULL,	'so3inknvcmqiaxd.jpeg',	0,	'2021-11-28 20:15:03',	NULL,	0,	NULL,	1,	NULL,	NULL,	NULL,	NULL),
(92,	'test-velky-roh-3',	1,	0,	NULL,	1,	3,	89,	2,	3,	0,	0,	0,	0,	NULL,	2,	NULL,	NULL,	'mif7vjkh9an60sr.jpeg',	0,	'2021-11-28 20:14:38',	NULL,	0,	NULL,	1,	NULL,	NULL,	NULL,	NULL),
(93,	'test-velky-roh-4',	1,	0,	NULL,	1,	3,	89,	2,	4,	0,	0,	0,	0,	NULL,	2,	NULL,	NULL,	'7ay1vzkxrty9oe1.jpeg',	0,	'2021-11-28 20:14:15',	NULL,	0,	NULL,	1,	NULL,	NULL,	NULL,	NULL),
(94,	'test-maly-roh-5',	1,	0,	NULL,	1,	3,	89,	2,	5,	0,	0,	0,	0,	NULL,	2,	NULL,	NULL,	'glvv9uujawb4vfc.jpeg',	0,	'2021-11-28 20:28:59',	NULL,	0,	NULL,	1,	NULL,	NULL,	NULL,	NULL),
(95,	'test-maly-roh-6',	1,	0,	NULL,	1,	3,	89,	2,	6,	0,	0,	0,	0,	NULL,	2,	NULL,	NULL,	'h0wy9r48dn1wkgf.jpeg',	0,	'2021-11-28 20:29:56',	NULL,	0,	NULL,	1,	NULL,	NULL,	NULL,	NULL),
(96,	'pridavam-podclanok-a-zobrazenie-foto',	1,	0,	NULL,	1,	2,	88,	2,	2,	0,	0,	0,	0,	NULL,	2,	NULL,	NULL,	NULL,	0,	'2021-12-05 21:30:12',	NULL,	0,	NULL,	1,	NULL,	NULL,	NULL,	NULL),
(97,	'pridavam-mennu',	1,	0,	NULL,	3,	2,	88,	2,	3,	0,	0,	0,	0,	NULL,	1,	NULL,	NULL,	NULL,	0,	'2021-12-05 21:16:52',	NULL,	0,	NULL,	1,	NULL,	NULL,	NULL,	NULL),
(98,	'vyber-z-archivu-bw',	1,	0,	NULL,	1,	1,	1,	2,	5,	0,	0,	0,	0,	NULL,	2,	NULL,	NULL,	'hi8hzetw3wmwdak.jpeg',	0,	'2021-12-01 18:08:12',	NULL,	0,	NULL,	1,	NULL,	NULL,	NULL,	NULL),
(99,	'bw-krajina',	1,	0,	NULL,	3,	1,	1,	2,	6,	0,	0,	0,	0,	NULL,	3,	NULL,	NULL,	'n7y6l37f0t2t3hm.jpeg',	0,	'2021-12-01 18:10:15',	NULL,	0,	NULL,	1,	NULL,	NULL,	NULL,	NULL),
(100,	'bw-vyber-z-kategorie',	1,	0,	NULL,	1,	2,	99,	2,	1,	0,	0,	0,	0,	NULL,	2,	NULL,	NULL,	'6wse6a4r6p2uou5.jpeg',	0,	'2021-12-01 18:17:45',	NULL,	0,	NULL,	1,	NULL,	NULL,	NULL,	NULL),
(101,	'bw-krajina-letna',	1,	0,	NULL,	1,	2,	99,	2,	2,	0,	0,	0,	0,	NULL,	2,	NULL,	NULL,	'2iwg0zek1qcwuxq.jpeg',	0,	'2021-12-01 18:10:42',	NULL,	0,	NULL,	1,	NULL,	NULL,	NULL,	NULL),
(102,	'bw-krajina-zimna',	1,	0,	NULL,	1,	2,	99,	2,	3,	0,	0,	0,	0,	NULL,	2,	NULL,	NULL,	'392abyni3i7kmqn.jpeg',	0,	'2021-12-01 18:11:05',	NULL,	0,	NULL,	1,	NULL,	NULL,	NULL,	NULL),
(103,	'bw-krajina-jesenna',	1,	0,	NULL,	1,	2,	99,	2,	4,	0,	0,	0,	0,	NULL,	2,	NULL,	NULL,	'hnezjr789xc6tnt.jpeg',	0,	'2021-12-01 18:11:33',	NULL,	0,	NULL,	1,	NULL,	NULL,	NULL,	NULL),
(104,	'bw-krajina-protisvetlo',	1,	0,	NULL,	1,	2,	99,	2,	5,	0,	0,	0,	0,	NULL,	2,	NULL,	NULL,	'dhmysfypliksguy.jpeg',	0,	'2021-12-01 18:11:56',	NULL,	0,	NULL,	1,	NULL,	NULL,	NULL,	NULL),
(105,	'bw-krajina-xy',	1,	0,	NULL,	1,	2,	99,	2,	6,	0,	0,	0,	0,	NULL,	2,	NULL,	NULL,	NULL,	0,	'2021-11-29 16:38:36',	NULL,	0,	NULL,	1,	NULL,	NULL,	NULL,	NULL),
(106,	'bw-tatry',	1,	0,	NULL,	3,	1,	1,	2,	7,	0,	0,	0,	0,	NULL,	3,	NULL,	NULL,	'tagdeuzjjd2x7p6.jpeg',	0,	'2021-12-01 18:15:58',	NULL,	0,	NULL,	1,	NULL,	NULL,	NULL,	NULL),
(107,	'bw-vyber-z-kategorie1',	1,	0,	NULL,	1,	2,	106,	2,	1,	0,	0,	0,	0,	NULL,	2,	NULL,	NULL,	'70gdtblyyrp6wmd.jpeg',	0,	'2021-12-01 18:16:33',	NULL,	0,	NULL,	1,	NULL,	NULL,	NULL,	NULL),
(108,	'bw-tatry1',	1,	0,	NULL,	1,	2,	106,	2,	2,	0,	0,	0,	0,	NULL,	2,	NULL,	NULL,	NULL,	0,	'2021-11-29 16:42:58',	NULL,	0,	NULL,	1,	NULL,	NULL,	NULL,	NULL),
(109,	'bw-tatry-jesen',	1,	0,	NULL,	1,	2,	106,	2,	3,	0,	0,	0,	0,	NULL,	1,	NULL,	NULL,	NULL,	0,	'2021-11-29 16:43:26',	NULL,	0,	NULL,	1,	NULL,	NULL,	NULL,	NULL),
(110,	'bw-tatry-zapad',	1,	0,	NULL,	1,	2,	106,	2,	4,	0,	0,	0,	0,	NULL,	2,	NULL,	NULL,	NULL,	0,	'2021-11-29 16:44:12',	NULL,	0,	NULL,	1,	NULL,	NULL,	NULL,	NULL),
(111,	'bw-tatry-zatisie',	1,	0,	NULL,	1,	2,	106,	2,	5,	0,	0,	0,	0,	NULL,	2,	NULL,	NULL,	NULL,	0,	'2021-11-29 16:45:12',	NULL,	0,	NULL,	1,	NULL,	NULL,	NULL,	NULL),
(112,	'bw-zatisie',	1,	0,	NULL,	3,	1,	1,	2,	8,	0,	0,	0,	0,	NULL,	3,	NULL,	NULL,	'wkzmvfw940quedd.jpeg',	0,	'2021-12-01 18:18:59',	NULL,	0,	NULL,	1,	NULL,	NULL,	NULL,	NULL),
(113,	'bw-vyber-z-kategorie2',	1,	0,	NULL,	1,	2,	112,	2,	1,	0,	0,	0,	0,	NULL,	2,	NULL,	NULL,	's5q7mriw0f2o12c.jpeg',	0,	'2021-12-01 18:23:20',	NULL,	0,	NULL,	1,	NULL,	NULL,	NULL,	NULL),
(114,	'bw',	1,	0,	NULL,	1,	2,	112,	2,	2,	0,	0,	0,	0,	NULL,	2,	NULL,	NULL,	NULL,	0,	'2021-11-29 16:52:24',	NULL,	0,	NULL,	1,	NULL,	NULL,	NULL,	NULL),
(115,	'vyber-z-kategorie',	1,	0,	NULL,	1,	1,	2,	2,	7,	0,	0,	0,	0,	NULL,	2,	NULL,	NULL,	NULL,	0,	'2021-11-29 16:56:00',	NULL,	0,	NULL,	1,	NULL,	NULL,	NULL,	NULL),
(116,	'sakralny-dizajn',	1,	0,	NULL,	3,	1,	2,	2,	8,	0,	0,	0,	0,	NULL,	3,	NULL,	NULL,	NULL,	0,	'2021-11-29 16:57:02',	NULL,	0,	NULL,	1,	NULL,	NULL,	NULL,	NULL),
(117,	'obcianske-stavby',	1,	0,	NULL,	3,	1,	2,	2,	9,	0,	0,	0,	0,	NULL,	3,	NULL,	NULL,	NULL,	0,	'2021-11-29 16:57:43',	NULL,	0,	NULL,	1,	NULL,	NULL,	NULL,	NULL),
(118,	'rodinne-domy',	1,	0,	NULL,	3,	1,	2,	2,	10,	0,	0,	0,	0,	NULL,	3,	NULL,	NULL,	NULL,	0,	'2021-11-29 16:58:19',	NULL,	0,	NULL,	1,	NULL,	NULL,	NULL,	NULL),
(119,	'interier',	1,	0,	NULL,	3,	1,	2,	2,	11,	0,	0,	0,	0,	NULL,	3,	NULL,	NULL,	NULL,	0,	'2021-11-29 16:58:46',	NULL,	0,	NULL,	1,	NULL,	NULL,	NULL,	NULL),
(122,	'drobne-stavby',	1,	0,	NULL,	3,	1,	2,	2,	12,	0,	0,	0,	0,	NULL,	1,	NULL,	NULL,	NULL,	0,	'2021-11-29 17:41:07',	NULL,	0,	NULL,	1,	NULL,	NULL,	NULL,	NULL),
(123,	'architektonicky-atelier',	1,	0,	NULL,	3,	1,	2,	2,	13,	0,	0,	0,	0,	NULL,	1,	NULL,	NULL,	NULL,	0,	'2021-11-29 17:42:19',	NULL,	0,	NULL,	1,	NULL,	NULL,	NULL,	NULL),
(124,	'pridavam-clanok',	1,	0,	NULL,	1,	2,	88,	2,	4,	0,	0,	0,	0,	NULL,	1,	NULL,	NULL,	NULL,	0,	'2021-12-05 21:18:24',	NULL,	0,	NULL,	1,	NULL,	NULL,	NULL,	NULL),
(126,	'test-1-menu',	1,	0,	NULL,	3,	1,	4,	2,	2,	0,	0,	0,	0,	NULL,	1,	NULL,	NULL,	'm490a46wsz2ek3y.png',	0,	'2021-12-23 15:23:09',	NULL,	0,	NULL,	1,	NULL,	NULL,	NULL,	NULL),
(127,	'test-kolaze-1',	1,	0,	NULL,	1,	2,	88,	2,	5,	0,	0,	0,	0,	NULL,	7,	NULL,	NULL,	NULL,	0,	'2022-02-18 18:48:37',	NULL,	0,	NULL,	1,	NULL,	NULL,	NULL,	NULL),
(128,	'test-polozky',	1,	0,	NULL,	1,	3,	127,	2,	1,	0,	0,	0,	0,	NULL,	1,	NULL,	NULL,	NULL,	0,	'2022-02-18 18:51:01',	NULL,	0,	NULL,	1,	NULL,	NULL,	NULL,	NULL),
(129,	'test-panoramy-2',	1,	0,	NULL,	1,	2,	34,	2,	2,	0,	0,	0,	0,	NULL,	6,	NULL,	NULL,	'bhadsiyg10wg0yc.jpeg',	0,	'2022-02-24 17:48:30',	NULL,	0,	NULL,	1,	NULL,	NULL,	NULL,	NULL),
(130,	'hotove-obrazy',	1,	0,	NULL,	3,	1,	4,	2,	3,	0,	0,	0,	0,	NULL,	1,	NULL,	NULL,	NULL,	0,	'2022-02-24 17:53:19',	NULL,	0,	NULL,	1,	NULL,	NULL,	NULL,	NULL),
(131,	'obrazy-test-1',	1,	0,	NULL,	1,	2,	130,	2,	1,	0,	0,	0,	0,	NULL,	2,	NULL,	NULL,	NULL,	0,	'2022-02-24 18:09:00',	NULL,	0,	NULL,	1,	NULL,	NULL,	NULL,	NULL);

DROP TABLE IF EXISTS `hlavne_menu_cast`;
CREATE TABLE `hlavne_menu_cast` (
  `id` int(11) NOT NULL AUTO_INCREMENT COMMENT '[A]Index',
  `view_name` varchar(50) COLLATE utf8_bin NOT NULL DEFAULT 'Časť' COMMENT 'Názov časti',
  `id_user_roles` int(11) NOT NULL DEFAULT 5 COMMENT 'Id min úrovne registrácie pre editáciu',
  `mapa_stranky` tinyint(4) NOT NULL DEFAULT 0 COMMENT 'Ak 1 tak je časť zahrnutá do mapy',
  PRIMARY KEY (`id`),
  KEY `id_registracia` (`id_user_roles`),
  CONSTRAINT `hlavne_menu_cast_ibfk_2` FOREIGN KEY (`id_user_roles`) REFERENCES `user_roles` (`id`)
) ENGINE=InnoDB DEFAULT CHARSET=utf8 COLLATE=utf8_bin COMMENT='Časti hlavného menu';

INSERT INTO `hlavne_menu_cast` (`id`, `view_name`, `id_user_roles`, `mapa_stranky`) VALUES
(1,	'Hlavná ponuka',	4,	1),
(2,	'Druhá časť',	4,	1),
(3,	'Home',	5,	0);

DROP TABLE IF EXISTS `hlavne_menu_lang`;
CREATE TABLE `hlavne_menu_lang` (
  `id` int(11) NOT NULL AUTO_INCREMENT COMMENT '[A]Index',
  `id_lang` int(11) NOT NULL DEFAULT 1 COMMENT 'Id Jazyka',
  `id_hlavne_menu` int(11) NOT NULL COMMENT 'Id hlavného menu, ku ktorému patrí',
  `menu_name` varchar(100) COLLATE utf8_bin DEFAULT NULL COMMENT 'Názov položky v hlavnom menu pre daný jazyk',
  `h1part2` varchar(100) COLLATE utf8_bin DEFAULT NULL COMMENT 'Druhá časť názvu pre daný jazyk',
  `view_name` varchar(255) COLLATE utf8_bin DEFAULT NULL COMMENT 'Zobrazený názov položky pre daný jazyk',
  `text` text COLLATE utf8_bin DEFAULT NULL COMMENT 'Text článku v danom jazyku',
  `anotacia` varchar(255) COLLATE utf8_bin DEFAULT NULL COMMENT 'Anotácia článku v danom jazyku',
  PRIMARY KEY (`id`),
  KEY `id_hlavne_menu` (`id_hlavne_menu`),
  KEY `id_lang` (`id_lang`),
  CONSTRAINT `hlavne_menu_lang_ibfk_1` FOREIGN KEY (`id_hlavne_menu`) REFERENCES `hlavne_menu` (`id`),
  CONSTRAINT `hlavne_menu_lang_ibfk_2` FOREIGN KEY (`id_lang`) REFERENCES `lang` (`id`)
) ENGINE=InnoDB DEFAULT CHARSET=utf8 COLLATE=utf8_bin COMMENT='Popis položiek hlavného menu pre iný jazyk';

INSERT INTO `hlavne_menu_lang` (`id`, `id_lang`, `id_hlavne_menu`, `menu_name`, `h1part2`, `view_name`, `text`, `anotacia`) VALUES
(1,	1,	1,	'Čiernobiela fotografia',	'Viete čo znamená logo BW ? - Black&White fotography - začiatky a dlhé roky to bolo len o čiernobiel',	'Čiernobiela fotografia',	'Popis časti BW fotografie.',	NULL),
(2,	1,	2,	'Architektúra',	NULL,	'Architektúra',	'Popis časti fotografií architektúry.',	NULL),
(3,	1,	3,	'Farebná fotografia',	NULL,	'Farebná fotografia',	'Popis časti RGB fotografie.',	NULL),
(4,	1,	4,	'Produkty',	NULL,	'Produkty',	'Táto časť predstavuje ponuku našich produktov.',	'Táto časť predstavuje ponuku našich produktov.'),
(5,	1,	5,	'Novinky',	NULL,	'Novinky',	'1)  *Niečo nové* - Lorem ipsum dolor sit amet, consectetur adipiscing elit. Phasellus quis lectus metus, at posuere neque. Sed pharetra nibh eget orci.\n2)  Lorem ipsum dolor sit amet, consectetur adipiscing elit. Phasellus quis lectus metus, at posuere neque. Sed pharetra nibh eget orci.\n3)  **Novinka X** - Lorem ipsum dolor sit amet, consectetur adipiscing elit. Phasellus quis lectus metus, at posuere neque. Sed pharetra nibh eget orci.\n\n\n',	'Tu nájdete všetky novinky.'),
(6,	1,	6,	'Výber toho najlepšieho',	NULL,	'Výber toho najlepšieho',	'Lorem ipsum dolor sit amet, consectetur adipiscing elit. Phasellus quis lectus metus, at posuere neque. Sed pharetra nibh eget orci convallis at posuere leo convallis. Sed blandit augue vitae augue scelerisque bibendum. Vivamus sit amet libero turpis, non venenatis urna.\n\nIn blandit, odio convallis suscipit venenatis, ante ipsum cursus augue, et mollis nunc diam eget sapien. Nulla facilisi. Etiam feugiat imperdiet rhoncus. Sed suscipit bibendum enim, sed volutpat tortor malesuada non. Morbi fringilla dui non purus porttitor mattis. Suspendisse quis.\n\nVýstava\n-------\n\nVulputate risus. Phasellus erat velit, sagittis sed varius volutpat, placerat nec urna. Nam eu metus vitae dolor fringilla feugiat. Nulla facilisi. Etiam enim metus, luctus in adipiscing at, consectetur quis sapien. Duis imperdiet egestas ligula, quis hendrerit ipsum ullamcorper et.\n\n',	'Tu nás môžete vidieť naživo.'),
(10,	1,	10,	'Časť A-2',	NULL,	'Časť A-2',	'Niečo k tejto časti',	NULL),
(11,	1,	11,	'Obchodné podmienky',	NULL,	'Naše obchodné podmienky',	'Lorem ipsum dolor sit amet, consectetur adipiscing elit. Phasellus quis lectus metus, at posuere neque. Sed pharetra nibh eget orci convallis at posuere leo convallis. Sed blandit augue vitae augue scelerisque bibendum. Vivamus sit amet libero turpis, non venenatis urna. In blandit, odio convallis suscipit venenatis, ante ipsum cursus augue.\n\nEt mollis nunc diam eget sapien. Nulla facilisi. Etiam feugiat imperdiet rhoncus. Sed suscipit bibendum enim, sed volutpat tortor malesuada non. Morbi fringilla dui non purus porttitor mattis. Suspendisse quis vulputate risus. Phasellus erat velit, sagittis sed varius volutpat, placerat nec urna. Nam eu metus vitae dolor fringilla feugiat. Nulla.\n\nFacilisi. Etiam enim metus, luctus in adipiscing at, consectetur quis sapien. Duis imperdiet egestas ligula, quis hendrerit ipsum ullamcorper et. Phasellus id tristique orci. Proin consequat mi at felis scelerisque ullamcorper. Etiam tempus, felis vel eleifend porta, velit nunc mattis urna, at ullamcorper erat diam dignissim ante. Pellentesque justo risus.\n\nRutrum ac semper a, faucibus nec lorem. Nullam eget quam tellus, eget sagittis justo.Class aptent taciti sociosqu ad litora torquent per conubia nostra, per inceptos himenaeos. Proin ante enim, tincidunt ut interdum in, adipiscing quis tortor. Nulla turpis lacus, rutrum in adipiscing ut, porttitor ac ante. Sed euismod, mauris a.\n\n',	''),
(12,	1,	12,	'Kontakt',	NULL,	'Kontakt',	'**Juraj Zámečník**\n\nSpišské Bystré 256\n\n0905 150 400\n\nbwfoto@bwfoto.sk',	'pokusná anotácia'),
(13,	1,	13,	'Kalibrácia',	NULL,	'Kalibrácia',	'Lorem ipsum dolor sit amet, consectetur adipiscing elit. Phasellus quis lectus metus, at posuere neque. Sed pharetra nibh eget orci convallis at posuere leo convallis. Sed blandit augue vitae augue scelerisque bibendum. Vivamus sit amet libero turpis, non venenatis urna. In blandit, odio convallis suscipit venenatis, ante ipsum cursus augue.\n\n-------------------\n\nEt mollis nunc diam eget sapien. Nulla facilisi. Etiam feugiat imperdiet rhoncus. Sed suscipit bibendum enim, sed volutpat tortor malesuada non. Morbi fringilla dui non purus porttitor mattis. Suspendisse quis vulputate risus. Phasellus erat velit, sagittis sed varius volutpat, placerat nec urna. Nam eu metus vitae dolor fringilla feugiat. Nulla.\n\n|* A	| 12	| 0.125	|\n|* B	| 13	| 1.45	|\n|* C	| 19	| 2.14	|\n|* D	| 22	| 0.658	|\n|* E	| 11	| 3.14	|\n\n\n\n',	''),
(14,	1,	14,	'Homepage hore',	NULL,	'Ateliér architektúry a fotografie',	'Každá ľudská snaha alebo výtvor, ktorý sa pohráva s krásou a harmóniou\n je len drobný dôkaz našej ľudskosti..... .<>',	NULL),
(15,	1,	15,	'Homepage dole',	NULL,	'--',	'Tento web vznikol z jednoduchého dôvodu : pripomínať si krásu, ktorá nás obklopuje.\n Architektonická časť webu je priložená ako doplnok - ako sa krásou okolitej prírody môže autor inšpirovať pri \"troška\" hmotnejšej tvorbe.\n Na svojej ceste som bol pri mnohých ideách , ktoré prešli do realizácie, ale stále platí :\n Čia ruka ťa vedie, koho dar používaš a na akom diele pracuješ ??? .... \n S úctou j.  .<>',	NULL),
(26,	1,	26,	'TEST 1',	NULL,	'TEST X1',	'',	''),
(27,	1,	27,	'A GGGDDD',	'AAA',	'A GGGDDD',	'fsgslakjfghalksjfhalskjfghalskjfghalskjfgaslkjfghaslkjghaslkjghaslkjgfhaslkgjhaslkgjhalkgjha',	'A XXX 2'),
(30,	1,	30,	'TEST BW ramceky 1',	NULL,	'TEST BW ramceky 1',	'Každá ľudská snaha alebo výtvor, ktorý sa pohráva s krásou a harmóniou je len jemný dokaz našej ľudskosti.....  .<>',	''),
(33,	1,	33,	'TEST ROZLIŠENIA 2021 2',	'ASSS',	'TEST ROZLIŠENIA 2021 1',	'AHOJ\n',	NULL),
(34,	1,	34,	'Výber z archívu',	NULL,	'Výber z archívu',	NULL,	NULL),
(35,	1,	35,	'TEST PANORAM 1',	NULL,	'TEST PANORAM 1',	'',	''),
(36,	1,	36,	'TEST ROZLÍŠENIA 3 1500dpi',	NULL,	'TEST ROZLÍŠENIA 3 1500dpi',	'',	''),
(38,	1,	38,	'Krajina',	NULL,	'Krajina',	NULL,	NULL),
(39,	1,	39,	'TOP Krajina',	NULL,	'TOP Krajina',	'',	''),
(40,	1,	40,	'Krajina jesenná',	NULL,	'Krajina jesenná',	'',	''),
(41,	1,	41,	'Krajina letná',	NULL,	'Krajina letná',	'',	''),
(42,	1,	42,	'Krajina zimná',	NULL,	'Krajina zimná',	'',	''),
(43,	1,	43,	'Krajina protisvetlo',	NULL,	'Krajina protisvetlo',	'',	''),
(44,	1,	44,	'Krajina hmly a inverzie',	NULL,	'Krajina hmly a inverzie',	'',	''),
(45,	1,	45,	'Svet',	NULL,	'Svet',	'',	''),
(48,	1,	48,	'PANORÁMY',	NULL,	'PANORÁMY',	NULL,	NULL),
(49,	1,	49,	'Krajina panorámy A',	NULL,	'Krajina panorámy A',	'',	''),
(50,	1,	50,	'Krajina panorámy B',	NULL,	'Krajina panorámy B',	'',	''),
(51,	1,	51,	'Krajina panorámy C',	NULL,	'Krajina panorámy C',	'',	''),
(52,	1,	52,	'Tatry',	NULL,	'Tatry',	NULL,	NULL),
(53,	1,	53,	'TOP Tatry',	NULL,	'TOP Tatry',	'',	''),
(54,	1,	54,	'Tatry',	NULL,	'Tatry',	'',	''),
(55,	1,	55,	'Tatry východ',	NULL,	'Tatry východ',	'',	''),
(56,	1,	56,	'Tatry západ',	NULL,	'Tatry západ',	'',	''),
(57,	1,	57,	'Tatry zátišie',	NULL,	'Tatry zátišie',	'',	''),
(58,	1,	58,	'Tatranské PANORÁMY',	NULL,	'Tatranské PANORÁMY',	NULL,	NULL),
(59,	1,	59,	'Tatranské panorámy centrálne',	NULL,	'Tatranské panorámy centrálne',	'',	''),
(60,	1,	60,	'Tatranské panorámy východné',	NULL,	'Tatranské panorámy východné',	'',	''),
(61,	1,	61,	'Tatranské panorámy západné',	NULL,	'Tatranské panorámy západné',	'',	''),
(62,	1,	62,	'Zátišie',	NULL,	'Zátišie',	NULL,	NULL),
(63,	1,	63,	'TOP Zátišie',	NULL,	'TOP Zátišie',	'',	''),
(64,	1,	64,	'Zátišie prírodné',	NULL,	'Zátišie prírodné',	'',	''),
(65,	1,	65,	'Zátišie dedina',	NULL,	'Zátišie dedina',	'',	''),
(66,	1,	66,	'Zátišie mesto',	NULL,	'Zátišie mesto',	'',	''),
(67,	1,	67,	'Zátišie stromy',	NULL,	'Zátišie stromy',	'',	''),
(68,	1,	68,	'Zátišie architektúra',	NULL,	'Zátišie architektúra',	'',	''),
(69,	1,	69,	'Zátišie Stratený Svet',	NULL,	'Zátišie Stratený Svet',	NULL,	NULL),
(70,	1,	70,	'TOP Výber',	NULL,	'TOP Výber',	'',	''),
(71,	1,	71,	'Štruktúra',	NULL,	'Štruktúra',	NULL,	NULL),
(72,	1,	72,	'TOP štruktúra',	NULL,	'TOP štruktúra',	'',	''),
(73,	1,	73,	'Štruktúry drevené',	NULL,	'Štruktúry drevené',	'',	''),
(74,	1,	74,	'Štruktúry snehové',	NULL,	'Štruktúry snehové',	'',	''),
(75,	1,	75,	'Štruktúry vody',	NULL,	'Štruktúry vody',	'',	''),
(76,	1,	76,	'Štruktúry kameňa',	NULL,	'Štruktúry kameňa',	'',	''),
(77,	1,	77,	'Štruktúry oblohy',	NULL,	'Štruktúry oblohy',	'',	''),
(78,	1,	78,	'Štruktúry prírodné',	NULL,	'Štruktúry prírodné',	'',	''),
(79,	1,	79,	'Štruktúry architektnické',	NULL,	'Štruktúry architektnické',	'',	''),
(80,	1,	80,	'Štruktúry ostatné',	NULL,	'Štruktúry ostatné',	'',	''),
(81,	1,	81,	'Ateliér DIGI',	NULL,	'Ateliér DIGI',	NULL,	NULL),
(82,	1,	82,	'TOP Ateliér',	NULL,	'TOP Ateliér',	'',	''),
(83,	1,	83,	'Stratený svet',	NULL,	'Stratený svet',	'',	''),
(84,	1,	84,	'Kostoly a krýže',	NULL,	'Kostoly a krýže',	'',	''),
(85,	1,	85,	'Neviem čo',	NULL,	'Neviem čo',	'',	''),
(86,	1,	86,	'Nostalgické',	NULL,	'Nostalgické',	'',	''),
(87,	1,	87,	'ahoj',	NULL,	'ahoj',	'',	''),
(88,	1,	88,	'TESTY A SKÚŠKY',	NULL,	'TESTY A SKÚŠKY',	NULL,	NULL),
(89,	1,	89,	'TEST zobrazenia top kategórie',	NULL,	'TEST zobrazenia top kategórie',	NULL,	NULL),
(90,	1,	90,	'test veľký roh 1',	NULL,	'test veľký roh 1',	'Kde sa píše tento text z hlavnej tabulky textového poľa a text z hornej anotácie',	'Anotačný text'),
(91,	1,	91,	'test veľký roh 2',	NULL,	'test veľký roh 2',	'',	''),
(92,	1,	92,	'test veľký roh 3',	NULL,	'test veľký roh 3',	'',	''),
(93,	1,	93,	'test veľký roh 4',	NULL,	'test veľký roh 4',	'',	''),
(94,	1,	94,	'test malý roh 5',	NULL,	'test malý roh 5',	'',	''),
(95,	1,	95,	'test malý roh 6',	NULL,	'test malý roh 6',	'',	''),
(96,	1,	96,	'Pridávam podčlánok a zobrazenie foto',	'Druha časť nadpisu sa zobrazuje',	'Pridávam podčlánok a zobrazenie foto',	'V podčlánku je možnosť vložit text pod hlavný nadpis !!!',	'anotácia'),
(97,	1,	97,	'Pridávam mennu',	'V menu ssa nedajú nahrať fotky',	'Pridávam mennu a zistujem zobrazenie fotiek',	NULL,	NULL),
(98,	1,	98,	'Výber z archívu BW',	NULL,	'Výber z archívu BW',	'',	''),
(99,	1,	99,	'BW Krajina',	NULL,	'BW Krajina',	NULL,	NULL),
(100,	1,	100,	'BW Výber z krajiny',	NULL,	'BW Výber z krajiny',	'',	''),
(101,	1,	101,	'BW Krajina letná',	NULL,	'BW Krajina letná',	'',	''),
(102,	1,	102,	'BW Krajina zimná',	NULL,	'BW Krajina zimná',	'',	''),
(103,	1,	103,	'BW Krajina jesenná',	NULL,	'BW Krajina jesenná',	'',	''),
(104,	1,	104,	'BW Krajina protisvetlo',	NULL,	'BW Krajina protisvetlo',	'',	''),
(105,	1,	105,	'BW Krajina xy',	NULL,	'BW Krajina xy',	'',	''),
(106,	1,	106,	'BW Tatry',	NULL,	'BW Tatry',	NULL,	NULL),
(107,	1,	107,	'BW Výber z Tatier',	NULL,	'BW Výber z Tatier',	'',	''),
(108,	1,	108,	'BW Tatry',	NULL,	'BW Tatry',	'',	''),
(109,	1,	109,	'BW Tatry východ',	NULL,	'BW Tatry východ',	'',	''),
(110,	1,	110,	'BW Tatry západ',	NULL,	'BW Tatry západ',	'',	''),
(111,	1,	111,	'BW Tatry zátišie',	NULL,	'BW Tatry zátišie',	'',	''),
(112,	1,	112,	'BW Zátišie',	NULL,	'BW Zátišie',	NULL,	NULL),
(113,	1,	113,	'BW Výber zo zátišia',	NULL,	'BW Výber zo zátišia',	'',	''),
(114,	1,	114,	'BW',	NULL,	'BW',	'',	''),
(115,	1,	115,	'Výber z kategórie',	NULL,	'Výber z kategórie',	'',	''),
(116,	1,	116,	'Sakrálny dizajn',	NULL,	'Sakrálny dizajn',	NULL,	NULL),
(117,	1,	117,	'Občianske stavby',	NULL,	'Občianske stavby',	NULL,	NULL),
(118,	1,	118,	'Rodinné domy',	NULL,	'Rodinné domy',	NULL,	NULL),
(119,	1,	119,	'Interiér',	NULL,	'Interiér',	NULL,	NULL),
(122,	1,	122,	'Drobné stavby',	NULL,	'Drobné stavby',	NULL,	NULL),
(123,	1,	123,	'ARCHITEKTONICKÝ ateliér',	NULL,	'ARCHITEKTONICKÝ ateliér',	NULL,	NULL),
(124,	1,	124,	'PRIDAVAM ČLANOK',	'AHOJ',	'PRIDAVAM ČLANOK',	NULL,	NULL),
(126,	1,	126,	'test 1 menu',	NULL,	'test 1 menu',	NULL,	NULL),
(127,	1,	127,	'TEST KOLAŽE 1',	'podnadpis zobrazuje sa kde',	'TEST KOLAŽE 1',	'Ahoj testujem text ---- hdsgfsfbvfbvsduzgbsuidzgbsdufgzlsd  suzrvnsezv iurezniuszfbv ieurzfvisuzfvisdu liuerz vuezr ',	NULL),
(128,	1,	128,	'Test položky',	'xxxxx',	'Test položky',	'sssss',	NULL),
(129,	1,	129,	'TEST PANORAMY 2',	NULL,	'TEST PANORAMY 2',	'AHOJ 2\n',	NULL),
(130,	1,	130,	'HOTOVÉ OBRAZY',	'SSSS',	'HOTOVÉ OBRAZY',	NULL,	NULL),
(131,	1,	131,	'OBRAZY TEST 1',	NULL,	'OBRAZY TEST 1',	NULL,	NULL);

DROP TABLE IF EXISTS `hlavne_menu_opravnenie`;
CREATE TABLE `hlavne_menu_opravnenie` (
  `id` int(11) NOT NULL AUTO_INCREMENT COMMENT '[A]Index',
  `nazov` varchar(40) COLLATE utf8_bin NOT NULL COMMENT 'Názov oprávnenia',
  PRIMARY KEY (`id`)
) ENGINE=InnoDB DEFAULT CHARSET=utf8 COLLATE=utf8_bin COMMENT='Oprávnenia nevlastníkov položiek hlavného menu';

INSERT INTO `hlavne_menu_opravnenie` (`id`, `nazov`) VALUES
(0,	'Žiadne'),
(1,	'Pridávanie podčlánkov'),
(2,	'Editácia položky'),
(3,	'Pridávanie podčlánkov a editácia položky');

DROP TABLE IF EXISTS `hlavne_menu_template`;
CREATE TABLE `hlavne_menu_template` (
  `id` int(11) NOT NULL AUTO_INCREMENT COMMENT '[A]Index',
  `name` varchar(20) COLLATE utf8_bin NOT NULL COMMENT 'Názov vzhľadu',
  `description` varchar(100) COLLATE utf8_bin NOT NULL COMMENT 'Popis vzhľadu',
  PRIMARY KEY (`id`)
) ENGINE=InnoDB DEFAULT CHARSET=utf8 COLLATE=utf8_bin COMMENT='Vzhľad šablón pre položky menu';

INSERT INTO `hlavne_menu_template` (`id`, `name`, `description`) VALUES
(1,	'default',	'Základný vzhľad'),
(2,	'BWfoto_foto_album',	'Obsah foto albumu'),
(3,	'BWfoto_foto_section',	'Zoznam foto albumov danej časti'),
(4,	'BWfoto_homepage_up',	'Článok na vrchu homepage'),
(5,	'BWfoto_homepage_dwn',	'Článok na spodku homepage'),
(6,	'BWfoto_foto_album_lg',	'Obsah foto albumu pre panorámy'),
(7,	'BWfoto_foto_collage',	'Koláž fotiek');

DROP TABLE IF EXISTS `ikonka`;
CREATE TABLE `ikonka` (
  `id` int(11) NOT NULL AUTO_INCREMENT COMMENT '[A]Index',
  `nazov` varchar(30) COLLATE utf8_bin NOT NULL DEFAULT 'ikonka' COMMENT 'Kmeňová časť názvu súboru ikonky',
  PRIMARY KEY (`id`)
) ENGINE=InnoDB DEFAULT CHARSET=utf8 COLLATE=utf8_bin COMMENT='Ikonky';

INSERT INTO `ikonka` (`id`, `nazov`) VALUES
(0,	'---'),
(1,	'info'),
(2,	'kniha'),
(3,	'kvietok'),
(4,	'lienka'),
(5,	'list_ceruza'),
(6,	'list'),
(7,	'listok'),
(8,	'lupa'),
(9,	'pocasie'),
(10,	'slnko'),
(11,	'smerovnik'),
(12,	'topanka'),
(13,	'vykricnik');

DROP TABLE IF EXISTS `lang`;
CREATE TABLE `lang` (
  `id` int(11) NOT NULL AUTO_INCREMENT COMMENT '[A]Index',
  `skratka` varchar(3) COLLATE utf8_bin NOT NULL DEFAULT 'sk' COMMENT 'Skratka jazyka',
  `nazov` varchar(15) COLLATE utf8_bin NOT NULL DEFAULT 'Slovenčina' COMMENT 'Miestny názov jazyka',
  `nazov_en` varchar(15) COLLATE utf8_bin NOT NULL DEFAULT 'Slovak' COMMENT 'Anglický názov jazyka',
  `prijaty` tinyint(4) DEFAULT NULL COMMENT 'Ak je > 0 jazyk je možné použiť na Frond',
  PRIMARY KEY (`id`)
) ENGINE=InnoDB DEFAULT CHARSET=utf8 COLLATE=utf8_bin COMMENT='Jazyky pre web';

INSERT INTO `lang` (`id`, `skratka`, `nazov`, `nazov_en`, `prijaty`) VALUES
(1,	'sk',	'Slovenčina',	'Slovak',	1);

DROP TABLE IF EXISTS `news`;
CREATE TABLE `news` (
  `id` int(11) NOT NULL AUTO_INCREMENT COMMENT '[A]Index',
  `text` text COLLATE utf8_bin NOT NULL COMMENT 'Text novinky',
  `created` timestamp /* mariadb-5.3 */ NOT NULL DEFAULT current_timestamp() ON UPDATE current_timestamp() COMMENT 'Dátum novinky',
  PRIMARY KEY (`id`)
) ENGINE=InnoDB DEFAULT CHARSET=utf8 COLLATE=utf8_bin;


DROP TABLE IF EXISTS `oznam`;
CREATE TABLE `oznam` (
  `id` int(11) NOT NULL AUTO_INCREMENT COMMENT '[A]Index',
  `id_user_main` int(11) NOT NULL DEFAULT 1 COMMENT 'Id užívateľa',
  `id_user_roles` int(11) NOT NULL DEFAULT 0 COMMENT 'Id min úrovne registrácie pre zobrazenie',
  `id_ikonka` int(11) DEFAULT NULL COMMENT 'Id použitej ikonky',
  `datum_platnosti` date NOT NULL DEFAULT '0000-00-00' COMMENT 'Dátum platnosti',
  `datum_zadania` date NOT NULL DEFAULT '0000-00-00' COMMENT 'Dátum zadania oznamu',
  `nazov` varchar(50) DEFAULT NULL COMMENT 'Názov oznamu',
  `text` text DEFAULT NULL COMMENT 'Text oznamu',
  `oznam_kluc` varchar(10) DEFAULT NULL COMMENT 'Kľúč pre potvrdenie účasti',
  `title_image` varchar(200) DEFAULT NULL COMMENT 'Názov titulného obrázku',
  `title_fa_class` varchar(20) DEFAULT NULL COMMENT 'Názov ikonky pre font awesome',
  `title_image_url` varchar(200) DEFAULT NULL COMMENT 'Odkaz titulného obrázka',
  PRIMARY KEY (`id`),
  KEY `id_user_profiles` (`id_user_main`),
  KEY `id_registracia` (`id_user_roles`),
  KEY `id_ikonka` (`id_ikonka`),
  CONSTRAINT `oznam_ibfk_3` FOREIGN KEY (`id_ikonka`) REFERENCES `ikonka` (`id`),
  CONSTRAINT `oznam_ibfk_4` FOREIGN KEY (`id_user_main`) REFERENCES `user_main` (`id`),
  CONSTRAINT `oznam_ibfk_5` FOREIGN KEY (`id_user_roles`) REFERENCES `user_roles` (`id`)
) ENGINE=InnoDB DEFAULT CHARSET=utf8 COMMENT='Oznamy';

INSERT INTO `oznam` (`id`, `id_user_main`, `id_user_roles`, `id_ikonka`, `datum_platnosti`, `datum_zadania`, `nazov`, `text`, `oznam_kluc`, `title_image`, `title_fa_class`, `title_image_url`) VALUES
(1,	1,	0,	NULL,	'2017-09-21',	'2017-09-18',	'pokus',	'Toto je len pokus.\n\n#REG2# Tak toto chcem aby videl len reg 2 a viac #REG-A2# Tak toto chcem aby videl reg 1 a menej #/REG2#',	'tq7v9ja10t',	NULL,	NULL,	NULL);

DROP TABLE IF EXISTS `products`;
CREATE TABLE `products` (
  `id` int(11) NOT NULL AUTO_INCREMENT COMMENT '[A] Index',
  `id_hlavne_menu` int(11) NOT NULL DEFAULT 1 COMMENT 'Id položky hl. menu ku ktorej patrí',
  `id_user_main` int(11) NOT NULL DEFAULT 1 COMMENT 'Id užívateľa',
  `id_user_roles` int(11) NOT NULL DEFAULT 0 COMMENT 'Id min úrovne registrácie pre zobrazenie',
  `name` varchar(50) COLLATE utf8_bin NOT NULL COMMENT 'Názov pre daný produkt',
  `web_name` varchar(50) COLLATE utf8_bin NOT NULL COMMENT 'Špecifický názov produktu pre URL',
  `description` varchar(255) COLLATE utf8_bin DEFAULT NULL COMMENT 'Popis produktu',
  `main_file` varchar(255) COLLATE utf8_bin NOT NULL COMMENT 'Názov súboru produktu s relatívnou cestou',
  `thumb_file` varchar(255) COLLATE utf8_bin DEFAULT NULL COMMENT 'Názov súboru náhľadu pre obrázky a iné',
  `change` timestamp NOT NULL DEFAULT current_timestamp() ON UPDATE current_timestamp() COMMENT 'Čas zmeny',
  `saved` tinyint(4) NOT NULL DEFAULT 0 COMMENT 'Ak 1 položka bola korektne nahratá na server',
  PRIMARY KEY (`id`),
  KEY `id_hlavne_menu` (`id_hlavne_menu`),
  KEY `id_user_main` (`id_user_main`),
  KEY `id_user_roles` (`id_user_roles`),
  CONSTRAINT `products_ibfk_1` FOREIGN KEY (`id_hlavne_menu`) REFERENCES `hlavne_menu` (`id`),
  CONSTRAINT `products_ibfk_2` FOREIGN KEY (`id_user_main`) REFERENCES `user_main` (`id`),
  CONSTRAINT `products_ibfk_3` FOREIGN KEY (`id_user_roles`) REFERENCES `user_roles` (`id`)
) ENGINE=InnoDB DEFAULT CHARSET=utf8 COLLATE=utf8_bin COMMENT='Produkty';

INSERT INTO `products` (`id`, `id_hlavne_menu`, `id_user_main`, `id_user_roles`, `name`, `web_name`, `description`, `main_file`, `thumb_file`, `change`, `saved`) VALUES
(17,	26,	2,	0,	'Pohlad-JZx1',	'pohlad-jzx1',	NULL,	'files/prilohy/Pohlad-JZx1.jpg',	'files/prilohy/tb_Pohlad-JZx1.jpg',	'2020-07-14 03:40:01',	1),
(18,	26,	2,	0,	'Pohlad-Zx1',	'pohlad-zx1',	NULL,	'files/prilohy/Pohlad-Zx1.jpg',	'files/prilohy/tb_Pohlad-Zx1.jpg',	'2020-07-14 03:40:01',	1),
(19,	26,	2,	0,	'xxxx-11',	'xxxx-11',	NULL,	'files/prilohy/xxxx-11.jpg',	'files/prilohy/tb_xxxx-11.jpg',	'2020-07-14 03:40:01',	1),
(20,	26,	2,	0,	'xxxxxxxxx21',	'xxxxxxxxx21',	NULL,	'files/prilohy/xxxxxxxxx21.jpg',	'files/prilohy/tb_xxxxxxxxx21.jpg',	'2020-07-14 03:40:01',	1),
(41,	33,	2,	0,	'DCF-0193',	'dcf-0193',	NULL,	'files/products/DCF-0193.jpeg',	'files/products/tb_DCF-0193.jpeg',	'2021-11-25 11:46:40',	1),
(42,	33,	2,	0,	'DCF-0190',	'dcf-0190',	NULL,	'files/products/DCF-0190.jpeg',	'files/products/tb_DCF-0190.jpeg',	'2021-11-25 11:46:40',	1),
(43,	33,	2,	0,	'DCF-0139',	'dcf-0139',	NULL,	'files/products/DCF-0139.jpeg',	'files/products/tb_DCF-0139.jpeg',	'2021-11-25 11:46:40',	1),
(44,	33,	2,	0,	'DCF-0010',	'dcf-0010',	NULL,	'files/products/DCF-0010.jpeg',	'files/products/tb_DCF-0010.jpeg',	'2021-11-25 11:46:40',	1),
(45,	33,	2,	0,	'DCF-0002',	'dcf-0002',	NULL,	'files/products/DCF-0002.jpeg',	'files/products/tb_DCF-0002.jpeg',	'2021-11-25 11:46:40',	1),
(46,	33,	2,	0,	'DCF-0153',	'dcf-0153',	NULL,	'files/products/DCF-0153.jpeg',	'files/products/tb_DCF-0153.jpeg',	'2021-11-25 11:46:40',	1),
(47,	33,	2,	0,	'DCF-0211',	'dcf-0211',	NULL,	'files/products/DCF-0211.jpeg',	'files/products/tb_DCF-0211.jpeg',	'2021-11-25 11:46:40',	1),
(48,	33,	2,	0,	'DCF-0544',	'dcf-0544',	NULL,	'files/products/DCF-0544.jpeg',	'files/products/tb_DCF-0544.jpeg',	'2021-11-25 11:46:40',	1),
(49,	33,	2,	0,	'DCF-0691',	'dcf-0691',	NULL,	'files/products/DCF-0691.jpeg',	'files/products/tb_DCF-0691.jpeg',	'2021-11-25 11:46:40',	1),
(50,	33,	2,	0,	'DCF-0750',	'dcf-0750',	NULL,	'files/products/DCF-0750.jpeg',	'files/products/tb_DCF-0750.jpeg',	'2021-11-25 11:46:40',	1),
(51,	33,	2,	0,	'DCF-0653',	'dcf-0653',	NULL,	'files/products/DCF-0653.jpeg',	'files/products/tb_DCF-0653.jpeg',	'2021-11-25 11:46:40',	1),
(52,	33,	2,	0,	'DCF-0710',	'dcf-0710',	NULL,	'files/products/DCF-0710.jpeg',	'files/products/tb_DCF-0710.jpeg',	'2021-11-25 11:46:40',	1),
(53,	33,	2,	0,	'DCF-0856',	'dcf-0856',	NULL,	'files/products/DCF-0856.jpeg',	'files/products/tb_DCF-0856.jpeg',	'2021-11-25 11:46:40',	1),
(54,	33,	2,	0,	'DCF-0851-X',	'dcf-0851-x',	NULL,	'files/products/DCF-0851-X.jpeg',	'files/products/tb_DCF-0851-X.jpeg',	'2021-11-25 11:46:40',	1),
(55,	33,	2,	0,	'DCF-0819',	'dcf-0819',	NULL,	'files/products/DCF-0819.jpeg',	'files/products/tb_DCF-0819.jpeg',	'2021-11-25 11:46:40',	1),
(56,	33,	2,	0,	'DCF-0707',	'dcf-0707',	NULL,	'files/products/DCF-0707.jpeg',	'files/products/tb_DCF-0707.jpeg',	'2021-11-25 11:46:40',	1),
(57,	33,	2,	0,	'DCF-2059',	'dcf-2059',	NULL,	'files/products/DCF-2059.jpeg',	'files/products/tb_DCF-2059.jpeg',	'2021-11-25 11:46:40',	1),
(58,	33,	2,	0,	'DCF-2793',	'dcf-2793',	NULL,	'files/products/DCF-2793.jpeg',	'files/products/tb_DCF-2793.jpeg',	'2021-11-25 11:46:40',	1),
(59,	33,	2,	0,	'DCF-2703',	'dcf-2703',	NULL,	'files/products/DCF-2703.jpeg',	'files/products/tb_DCF-2703.jpeg',	'2021-11-25 11:46:40',	1),
(60,	33,	2,	0,	'DCF-2745',	'dcf-2745',	NULL,	'files/products/DCF-2745.jpeg',	'files/products/tb_DCF-2745.jpeg',	'2021-11-25 11:46:40',	1),
(61,	33,	2,	0,	'DCF-2784',	'dcf-2784',	NULL,	'files/products/DCF-2784.jpeg',	'files/products/tb_DCF-2784.jpeg',	'2021-11-25 11:46:40',	1),
(62,	33,	2,	0,	'DCF-2689',	'dcf-2689',	NULL,	'files/products/DCF-2689.jpeg',	'files/products/tb_DCF-2689.jpeg',	'2021-11-25 11:46:40',	1),
(63,	33,	2,	0,	'DCF-3009',	'dcf-3009',	NULL,	'files/products/DCF-3009.jpeg',	'files/products/tb_DCF-3009.jpeg',	'2021-11-25 11:46:40',	1),
(64,	33,	2,	0,	'DCF-3306',	'dcf-3306',	NULL,	'files/products/DCF-3306.jpeg',	'files/products/tb_DCF-3306.jpeg',	'2021-11-25 11:46:40',	1),
(65,	33,	2,	0,	'DCF-3217',	'dcf-3217',	NULL,	'files/products/DCF-3217.jpeg',	'files/products/tb_DCF-3217.jpeg',	'2021-11-25 11:46:40',	1),
(66,	33,	2,	0,	'DCF-4869',	'dcf-4869',	NULL,	'files/products/DCF-4869.jpeg',	'files/products/tb_DCF-4869.jpeg',	'2021-11-25 11:46:40',	1),
(67,	33,	2,	0,	'DCF-4721',	'dcf-4721',	NULL,	'files/products/DCF-4721.jpeg',	'files/products/tb_DCF-4721.jpeg',	'2021-11-25 11:46:40',	1),
(68,	33,	2,	0,	'DCF-3358',	'dcf-3358',	NULL,	'files/products/DCF-3358.jpeg',	'files/products/tb_DCF-3358.jpeg',	'2021-11-25 11:46:40',	1),
(69,	33,	2,	0,	'DCF-3205',	'dcf-3205',	NULL,	'files/products/DCF-3205.jpeg',	'files/products/tb_DCF-3205.jpeg',	'2021-11-25 11:46:40',	1),
(70,	33,	2,	0,	'DCF-4858',	'dcf-4858',	NULL,	'files/products/DCF-4858.jpeg',	'files/products/tb_DCF-4858.jpeg',	'2021-11-25 11:46:40',	1),
(71,	33,	2,	0,	'DCF-3416',	'dcf-3416',	NULL,	'files/products/DCF-3416.jpeg',	'files/products/tb_DCF-3416.jpeg',	'2021-11-25 11:46:40',	1),
(72,	33,	2,	0,	'DCF-4889',	'dcf-4889',	NULL,	'files/products/DCF-4889.jpeg',	'files/products/tb_DCF-4889.jpeg',	'2021-11-25 11:46:40',	1),
(73,	33,	2,	0,	'DCF-5243',	'dcf-5243',	NULL,	'files/products/DCF-5243.jpeg',	'files/products/tb_DCF-5243.jpeg',	'2021-11-25 11:46:40',	1),
(74,	33,	2,	0,	'DCF-4893',	'dcf-4893',	NULL,	'files/products/DCF-4893.jpeg',	'files/products/tb_DCF-4893.jpeg',	'2021-11-25 11:46:40',	1),
(75,	33,	2,	0,	'DCF-4938',	'dcf-4938',	NULL,	'files/products/DCF-4938.jpeg',	'files/products/tb_DCF-4938.jpeg',	'2021-11-25 11:46:40',	1),
(76,	33,	2,	0,	'DCF-4965',	'dcf-4965',	NULL,	'files/products/DCF-4965.jpeg',	'files/products/tb_DCF-4965.jpeg',	'2021-11-25 11:46:40',	1),
(77,	33,	2,	0,	'DCF-5350x',	'dcf-5350x',	NULL,	'files/products/DCF-5350x.jpeg',	'files/products/tb_DCF-5350x.jpeg',	'2021-11-25 11:46:40',	1),
(78,	33,	2,	0,	'DCF-6601',	'dcf-6601',	NULL,	'files/products/DCF-6601.jpeg',	'files/products/tb_DCF-6601.jpeg',	'2021-11-25 11:46:40',	1),
(79,	33,	2,	0,	'DCF-5110',	'dcf-5110',	NULL,	'files/products/DCF-5110.jpeg',	'files/products/tb_DCF-5110.jpeg',	'2021-11-25 11:46:40',	1),
(80,	33,	2,	0,	'DCF-7031',	'dcf-7031',	NULL,	'files/products/DCF-7031.jpeg',	'files/products/tb_DCF-7031.jpeg',	'2021-11-25 11:46:40',	1),
(81,	33,	2,	0,	'DCF-7488',	'dcf-7488',	NULL,	'files/products/DCF-7488.jpeg',	'files/products/tb_DCF-7488.jpeg',	'2021-11-25 11:46:40',	1),
(82,	33,	2,	0,	'DCF-7432',	'dcf-7432',	NULL,	'files/products/DCF-7432.jpeg',	'files/products/tb_DCF-7432.jpeg',	'2021-11-25 11:46:40',	1),
(83,	33,	2,	0,	'DCF-6589',	'dcf-6589',	NULL,	'files/products/DCF-6589.jpeg',	'files/products/tb_DCF-6589.jpeg',	'2021-11-25 11:46:40',	1),
(84,	33,	2,	0,	'DCF-6765',	'dcf-6765',	NULL,	'files/products/DCF-6765.jpeg',	'files/products/tb_DCF-6765.jpeg',	'2021-11-25 11:46:40',	1),
(85,	33,	2,	0,	'DCF-7570',	'dcf-7570',	NULL,	'files/products/DCF-7570.jpeg',	'files/products/tb_DCF-7570.jpeg',	'2021-11-25 11:46:40',	1),
(86,	33,	2,	0,	'DCF-7540',	'dcf-7540',	NULL,	'files/products/DCF-7540.jpeg',	'files/products/tb_DCF-7540.jpeg',	'2021-11-25 11:46:40',	1),
(87,	33,	2,	0,	'DCF-7652',	'dcf-7652',	NULL,	'files/products/DCF-7652.jpeg',	'files/products/tb_DCF-7652.jpeg',	'2021-11-25 11:46:40',	1),
(88,	33,	2,	0,	'DCF-7592',	'dcf-7592',	NULL,	'files/products/DCF-7592.jpeg',	'files/products/tb_DCF-7592.jpeg',	'2021-11-25 11:46:40',	1),
(89,	33,	2,	0,	'DCF-7595',	'dcf-7595',	NULL,	'files/products/DCF-7595.jpeg',	'files/products/tb_DCF-7595.jpeg',	'2021-11-25 11:46:40',	1),
(90,	33,	2,	0,	'DCF-7661',	'dcf-7661',	NULL,	'files/products/DCF-7661.jpeg',	'files/products/tb_DCF-7661.jpeg',	'2021-11-25 11:46:40',	1),
(91,	33,	2,	0,	'DCF-7646',	'dcf-7646',	NULL,	'files/products/DCF-7646.jpeg',	'files/products/tb_DCF-7646.jpeg',	'2021-11-25 11:46:40',	1),
(92,	33,	2,	0,	'DCF-7623',	'dcf-7623',	NULL,	'files/products/DCF-7623.jpeg',	'files/products/tb_DCF-7623.jpeg',	'2021-11-25 11:46:40',	1),
(93,	33,	2,	0,	'DCF-8116',	'dcf-8116',	NULL,	'files/products/DCF-8116.jpeg',	'files/products/tb_DCF-8116.jpeg',	'2021-11-25 11:46:40',	1),
(94,	33,	2,	0,	'DCF-7688',	'dcf-7688',	NULL,	'files/products/DCF-7688.jpeg',	'files/products/tb_DCF-7688.jpeg',	'2021-11-25 11:46:40',	1),
(95,	33,	2,	0,	'DCF-7685',	'dcf-7685',	NULL,	'files/products/DCF-7685.jpeg',	'files/products/tb_DCF-7685.jpeg',	'2021-11-25 11:46:40',	1),
(96,	33,	2,	0,	'DCF-8152',	'dcf-8152',	NULL,	'files/products/DCF-8152.jpeg',	'files/products/tb_DCF-8152.jpeg',	'2021-11-25 11:46:40',	1),
(97,	33,	2,	0,	'DCF-8128',	'dcf-8128',	NULL,	'files/products/DCF-8128.jpeg',	'files/products/tb_DCF-8128.jpeg',	'2021-11-25 11:46:40',	1),
(98,	33,	2,	0,	'DCF-8198',	'dcf-8198',	NULL,	'files/products/DCF-8198.jpeg',	'files/products/tb_DCF-8198.jpeg',	'2021-11-25 11:46:40',	1),
(99,	33,	2,	0,	'DCF-8108',	'dcf-8108',	NULL,	'files/products/DCF-8108.jpeg',	'files/products/tb_DCF-8108.jpeg',	'2021-11-25 11:46:40',	1),
(100,	33,	2,	0,	'DCF-8147',	'dcf-8147',	NULL,	'files/products/DCF-8147.jpeg',	'files/products/tb_DCF-8147.jpeg',	'2021-11-25 11:46:40',	1),
(101,	33,	2,	0,	'DCF-8261',	'dcf-8261',	NULL,	'files/products/DCF-8261.jpeg',	'files/products/tb_DCF-8261.jpeg',	'2021-11-25 11:46:40',	1),
(102,	33,	2,	0,	'DCF-8334',	'dcf-8334',	NULL,	'files/products/DCF-8334.jpeg',	'files/products/tb_DCF-8334.jpeg',	'2021-11-25 11:46:40',	1),
(103,	33,	2,	0,	'DCF-8386',	'dcf-8386',	NULL,	'files/products/DCF-8386.jpeg',	'files/products/tb_DCF-8386.jpeg',	'2021-11-25 11:46:40',	1),
(104,	33,	2,	0,	'DCF-8330',	'dcf-8330',	NULL,	'files/products/DCF-8330.jpeg',	'files/products/tb_DCF-8330.jpeg',	'2021-11-25 11:46:40',	1),
(105,	33,	2,	0,	'DCF-8350',	'dcf-8350',	NULL,	'files/products/DCF-8350.jpeg',	'files/products/tb_DCF-8350.jpeg',	'2021-11-25 11:46:40',	1),
(106,	33,	2,	0,	'DCF-8404',	'dcf-8404',	NULL,	'files/products/DCF-8404.jpeg',	'files/products/tb_DCF-8404.jpeg',	'2021-11-25 11:46:40',	1),
(107,	33,	2,	0,	'DCF-8390',	'dcf-8390',	NULL,	'files/products/DCF-8390.jpeg',	'files/products/tb_DCF-8390.jpeg',	'2021-11-25 11:46:40',	1),
(108,	33,	2,	0,	'DCF-8345',	'dcf-8345',	NULL,	'files/products/DCF-8345.jpeg',	'files/products/tb_DCF-8345.jpeg',	'2021-11-25 11:46:40',	1),
(109,	33,	2,	0,	'DCF-8427',	'dcf-8427',	NULL,	'files/products/DCF-8427.jpeg',	'files/products/tb_DCF-8427.jpeg',	'2021-11-25 11:46:40',	1),
(110,	33,	2,	0,	'DCF-8343',	'dcf-8343',	NULL,	'files/products/DCF-8343.jpeg',	'files/products/tb_DCF-8343.jpeg',	'2021-11-25 11:46:40',	1),
(111,	33,	2,	0,	'DCF-8657',	'dcf-8657',	NULL,	'files/products/DCF-8657.jpeg',	'files/products/tb_DCF-8657.jpeg',	'2021-11-25 11:46:40',	1),
(112,	33,	2,	0,	'DCF-8495',	'dcf-8495',	NULL,	'files/products/DCF-8495.jpeg',	'files/products/tb_DCF-8495.jpeg',	'2021-11-25 11:46:40',	1),
(113,	33,	2,	0,	'DCF-8426',	'dcf-8426',	NULL,	'files/products/DCF-8426.jpeg',	'files/products/tb_DCF-8426.jpeg',	'2021-11-25 11:46:40',	1),
(114,	33,	2,	0,	'DCF-8666',	'dcf-8666',	NULL,	'files/products/DCF-8666.jpeg',	'files/products/tb_DCF-8666.jpeg',	'2021-11-25 11:46:40',	1),
(115,	33,	2,	0,	'DCF-8718',	'dcf-8718',	NULL,	'files/products/DCF-8718.jpeg',	'files/products/tb_DCF-8718.jpeg',	'2021-11-25 11:46:40',	1),
(116,	33,	2,	0,	'DCF-8790',	'dcf-8790',	NULL,	'files/products/DCF-8790.jpeg',	'files/products/tb_DCF-8790.jpeg',	'2021-11-25 11:46:40',	1),
(117,	33,	2,	0,	'DCF-9076',	'dcf-9076',	NULL,	'files/products/DCF-9076.jpeg',	'files/products/tb_DCF-9076.jpeg',	'2021-11-25 11:46:40',	1),
(118,	33,	2,	0,	'DCF-9129',	'dcf-9129',	NULL,	'files/products/DCF-9129.jpeg',	'files/products/tb_DCF-9129.jpeg',	'2021-11-25 11:46:41',	1),
(119,	33,	2,	0,	'DCF-8810',	'dcf-8810',	NULL,	'files/products/DCF-8810.jpeg',	'files/products/tb_DCF-8810.jpeg',	'2021-11-25 11:46:41',	1),
(120,	33,	2,	0,	'DCF-9106',	'dcf-9106',	NULL,	'files/products/DCF-9106.jpeg',	'files/products/tb_DCF-9106.jpeg',	'2021-11-25 11:46:41',	1),
(121,	33,	2,	0,	'DCF-9133',	'dcf-9133',	NULL,	'files/products/DCF-9133.jpeg',	'files/products/tb_DCF-9133.jpeg',	'2021-11-25 11:46:41',	1),
(122,	33,	2,	0,	'DCF-9652X',	'dcf-9652x',	NULL,	'files/products/DCF-9652X.jpeg',	'files/products/tb_DCF-9652X.jpeg',	'2021-11-25 11:46:41',	1),
(123,	33,	2,	0,	'DCF-9150',	'dcf-9150',	NULL,	'files/products/DCF-9150.jpeg',	'files/products/tb_DCF-9150.jpeg',	'2021-11-25 11:46:41',	1),
(124,	33,	2,	0,	'DCF-9214',	'dcf-9214',	NULL,	'files/products/DCF-9214.jpeg',	'files/products/tb_DCF-9214.jpeg',	'2021-11-25 11:46:41',	1),
(125,	33,	2,	0,	'DSC-0400',	'dsc-0400',	NULL,	'files/products/DSC-0400.jpeg',	'files/products/tb_DSC-0400.jpeg',	'2021-11-25 11:46:41',	1),
(126,	33,	2,	0,	'DCF-9210',	'dcf-9210',	NULL,	'files/products/DCF-9210.jpeg',	'files/products/tb_DCF-9210.jpeg',	'2021-11-25 11:46:41',	1),
(127,	33,	2,	0,	'DCF-9705',	'dcf-9705',	NULL,	'files/products/DCF-9705.jpeg',	'files/products/tb_DCF-9705.jpeg',	'2021-11-25 11:46:41',	1),
(128,	33,	2,	0,	'DCF-9571',	'dcf-9571',	NULL,	'files/products/DCF-9571.jpeg',	'files/products/tb_DCF-9571.jpeg',	'2021-11-25 11:46:41',	1),
(129,	33,	2,	0,	'DSC-0455',	'dsc-0455',	NULL,	'files/products/DSC-0455.jpeg',	'files/products/tb_DSC-0455.jpeg',	'2021-11-25 11:46:41',	1),
(130,	33,	2,	0,	'DSC-0413',	'dsc-0413',	NULL,	'files/products/DSC-0413.jpeg',	'files/products/tb_DSC-0413.jpeg',	'2021-11-25 11:46:41',	1),
(131,	33,	2,	0,	'DSC-0442',	'dsc-0442',	NULL,	'files/products/DSC-0442.jpeg',	'files/products/tb_DSC-0442.jpeg',	'2021-11-25 11:46:41',	1),
(132,	33,	2,	0,	'DCF-9794',	'dcf-9794',	NULL,	'files/products/DCF-9794.jpeg',	'files/products/tb_DCF-9794.jpeg',	'2021-11-25 11:46:41',	1),
(133,	33,	2,	0,	'DSC-0484',	'dsc-0484',	NULL,	'files/products/DSC-0484.jpeg',	'files/products/tb_DSC-0484.jpeg',	'2021-11-25 11:46:41',	1),
(134,	33,	2,	0,	'DSC-0475',	'dsc-0475',	NULL,	'files/products/DSC-0475.jpeg',	'files/products/tb_DSC-0475.jpeg',	'2021-11-25 11:46:41',	1),
(135,	33,	2,	0,	'DSC-0421',	'dsc-0421',	NULL,	'files/products/DSC-0421.jpeg',	'files/products/tb_DSC-0421.jpeg',	'2021-11-25 11:46:41',	1),
(136,	33,	2,	0,	'Image-Date-time-original-0001',	'image-date-time-original-0001',	NULL,	'files/products/Image-Date-time-original-0001.jpeg',	'files/products/tb_Image-Date-time-original-0001.jpeg',	'2021-11-25 11:46:41',	1),
(137,	33,	2,	0,	'DSC-0655',	'dsc-0655',	NULL,	'files/products/DSC-0655.jpeg',	'files/products/tb_DSC-0655.jpeg',	'2021-11-25 11:46:41',	1),
(138,	33,	2,	0,	'VVQ-0888',	'vvq-0888',	NULL,	'files/products/VVQ-0888.jpeg',	'files/products/tb_VVQ-0888.jpeg',	'2021-11-25 11:46:41',	1),
(139,	33,	2,	0,	'VVQ-0111',	'vvq-0111',	NULL,	'files/products/VVQ-0111.jpeg',	'files/products/tb_VVQ-0111.jpeg',	'2021-11-25 11:46:41',	1),
(140,	33,	2,	0,	'VVQ-0590',	'vvq-0590',	NULL,	'files/products/VVQ-0590.jpeg',	'files/products/tb_VVQ-0590.jpeg',	'2021-11-25 11:46:41',	1),
(141,	33,	2,	0,	'VVQ-1126',	'vvq-1126',	NULL,	'files/products/VVQ-1126.jpeg',	'files/products/tb_VVQ-1126.jpeg',	'2021-11-25 11:46:41',	1),
(142,	33,	2,	0,	'VVQ-0146',	'vvq-0146',	NULL,	'files/products/VVQ-0146.jpeg',	'files/products/tb_VVQ-0146.jpeg',	'2021-11-25 11:46:41',	1),
(143,	33,	2,	0,	'VVQ-1243',	'vvq-1243',	NULL,	'files/products/VVQ-1243.jpeg',	'files/products/tb_VVQ-1243.jpeg',	'2021-11-25 11:46:41',	1),
(144,	33,	2,	0,	'VVQ-0588',	'vvq-0588',	NULL,	'files/products/VVQ-0588.jpeg',	'files/products/tb_VVQ-0588.jpeg',	'2021-11-25 11:46:41',	1),
(145,	33,	2,	0,	'VVQ-0884',	'vvq-0884',	NULL,	'files/products/VVQ-0884.jpeg',	'files/products/tb_VVQ-0884.jpeg',	'2021-11-25 11:46:41',	1),
(146,	33,	2,	0,	'VVQ-3266',	'vvq-3266',	NULL,	'files/products/VVQ-3266.jpeg',	'files/products/tb_VVQ-3266.jpeg',	'2021-11-25 11:46:41',	1),
(147,	33,	2,	0,	'VVQ-1400',	'vvq-1400',	NULL,	'files/products/VVQ-1400.jpeg',	'files/products/tb_VVQ-1400.jpeg',	'2021-11-25 11:46:41',	1),
(148,	33,	2,	0,	'VVQ-2495',	'vvq-2495',	NULL,	'files/products/VVQ-2495.jpeg',	'files/products/tb_VVQ-2495.jpeg',	'2021-11-25 11:46:41',	1),
(149,	33,	2,	0,	'VVQ-2491',	'vvq-2491',	NULL,	'files/products/VVQ-2491.jpeg',	'files/products/tb_VVQ-2491.jpeg',	'2021-11-25 11:46:41',	1),
(150,	33,	2,	0,	'VVQ-3501',	'vvq-3501',	NULL,	'files/products/VVQ-3501.jpeg',	'files/products/tb_VVQ-3501.jpeg',	'2021-11-25 11:46:41',	1),
(151,	33,	2,	0,	'VVQ-1882',	'vvq-1882',	NULL,	'files/products/VVQ-1882.jpeg',	'files/products/tb_VVQ-1882.jpeg',	'2021-11-25 11:46:41',	1),
(152,	33,	2,	0,	'VVQ-3591',	'vvq-3591',	NULL,	'files/products/VVQ-3591.jpeg',	'files/products/tb_VVQ-3591.jpeg',	'2021-11-25 11:46:41',	1),
(153,	33,	2,	0,	'VVQ-4303',	'vvq-4303',	NULL,	'files/products/VVQ-4303.jpeg',	'files/products/tb_VVQ-4303.jpeg',	'2021-11-25 11:46:41',	1),
(154,	33,	2,	0,	'VVQ-4538',	'vvq-4538',	NULL,	'files/products/VVQ-4538.jpeg',	'files/products/tb_VVQ-4538.jpeg',	'2021-11-25 11:46:41',	1),
(155,	33,	2,	0,	'VVQ-4191',	'vvq-4191',	NULL,	'files/products/VVQ-4191.jpeg',	'files/products/tb_VVQ-4191.jpeg',	'2021-11-25 11:46:41',	1),
(156,	33,	2,	0,	'VVQ-4528',	'vvq-4528',	NULL,	'files/products/VVQ-4528.jpeg',	'files/products/tb_VVQ-4528.jpeg',	'2021-11-25 11:46:41',	1),
(157,	33,	2,	0,	'VVQ-4016',	'vvq-4016',	NULL,	'files/products/VVQ-4016.jpeg',	'files/products/tb_VVQ-4016.jpeg',	'2021-11-25 11:46:41',	1),
(158,	33,	2,	0,	'VVQ-4537',	'vvq-4537',	NULL,	'files/products/VVQ-4537.jpeg',	'files/products/tb_VVQ-4537.jpeg',	'2021-11-25 11:46:41',	1),
(159,	33,	2,	0,	'VVQ-4413',	'vvq-4413',	NULL,	'files/products/VVQ-4413.jpeg',	'files/products/tb_VVQ-4413.jpeg',	'2021-11-25 11:46:41',	1),
(160,	33,	2,	0,	'VVQ-4577',	'vvq-4577',	NULL,	'files/products/VVQ-4577.jpeg',	'files/products/tb_VVQ-4577.jpeg',	'2021-11-25 11:46:41',	1),
(161,	33,	2,	0,	'VVQ-4550',	'vvq-4550',	NULL,	'files/products/VVQ-4550.jpeg',	'files/products/tb_VVQ-4550.jpeg',	'2021-11-25 11:46:41',	1),
(162,	33,	2,	0,	'VVQ-4727',	'vvq-4727',	NULL,	'files/products/VVQ-4727.jpeg',	'files/products/tb_VVQ-4727.jpeg',	'2021-11-25 11:46:41',	1),
(163,	33,	2,	0,	'VVQ-4991',	'vvq-4991',	NULL,	'files/products/VVQ-4991.jpeg',	'files/products/tb_VVQ-4991.jpeg',	'2021-11-25 11:46:41',	1),
(164,	33,	2,	0,	'VVQ-4010',	'vvq-4010',	NULL,	'files/products/VVQ-4010.jpeg',	'files/products/tb_VVQ-4010.jpeg',	'2021-11-25 11:46:41',	1),
(165,	33,	2,	0,	'VVQ-4881',	'vvq-4881',	NULL,	'files/products/VVQ-4881.jpeg',	'files/products/tb_VVQ-4881.jpeg',	'2021-11-25 11:46:41',	1),
(166,	33,	2,	0,	'VVQ-5052',	'vvq-5052',	NULL,	'files/products/VVQ-5052.jpeg',	'files/products/tb_VVQ-5052.jpeg',	'2021-11-25 11:46:41',	1),
(167,	33,	2,	0,	'VVQ-4837',	'vvq-4837',	NULL,	'files/products/VVQ-4837.jpeg',	'files/products/tb_VVQ-4837.jpeg',	'2021-11-25 11:46:41',	1),
(168,	33,	2,	0,	'VVQ-5204',	'vvq-5204',	NULL,	'files/products/VVQ-5204.jpeg',	'files/products/tb_VVQ-5204.jpeg',	'2021-11-25 11:46:41',	1),
(169,	33,	2,	0,	'VVQ-5277',	'vvq-5277',	NULL,	'files/products/VVQ-5277.jpeg',	'files/products/tb_VVQ-5277.jpeg',	'2021-11-25 11:46:41',	1),
(170,	33,	2,	0,	'VVQ-5146',	'vvq-5146',	NULL,	'files/products/VVQ-5146.jpeg',	'files/products/tb_VVQ-5146.jpeg',	'2021-11-25 11:46:41',	1),
(171,	33,	2,	0,	'VVQ-5070',	'vvq-5070',	NULL,	'files/products/VVQ-5070.jpeg',	'files/products/tb_VVQ-5070.jpeg',	'2021-11-25 11:46:41',	1),
(172,	35,	2,	0,	'struktury-panoramy-1-OBLAKY-1',	'struktury-panoramy-1-oblaky-1',	NULL,	'files/products/struktury-panoramy-1-OBLAKY-1.jpeg',	'files/products/tb_struktury-panoramy-1-OBLAKY-1.jpeg',	'2022-02-25 13:34:47',	0),
(173,	35,	2,	0,	'tatry-pan-1-4-CENTER',	'tatry-pan-1-4-center',	NULL,	'files/products/tatry-pan-1-4-CENTER.jpeg',	'files/products/tb_tatry-pan-1-4-CENTER.jpeg',	'2022-02-25 13:36:08',	0),
(174,	35,	2,	0,	'tatry-pan-1-9-CENTER',	'tatry-pan-1-9-center',	NULL,	'files/products/tatry-pan-1-9-CENTER.jpeg',	'files/products/tb_tatry-pan-1-9-CENTER.jpeg',	'2022-02-25 13:36:08',	0),
(176,	35,	2,	0,	'tatry-pan-1-8-CENTER',	'tatry-pan-1-8-center',	NULL,	'files/products/tatry-pan-1-8-CENTER.jpeg',	'files/products/tb_tatry-pan-1-8-CENTER.jpeg',	'2022-02-25 13:36:08',	0),
(178,	35,	2,	0,	'tatry-pan-1-2-KLASIK',	'tatry-pan-1-2-klasik',	NULL,	'files/products/tatry-pan-1-2-KLASIK.jpeg',	'files/products/tb_tatry-pan-1-2-KLASIK.jpeg',	'2022-02-25 13:37:01',	0),
(179,	35,	2,	0,	'tatry-pan-DUAL-2-8',	'tatry-pan-dual-2-8',	NULL,	'files/products/tatry-pan-DUAL-2-8.jpeg',	'files/products/tb_tatry-pan-DUAL-2-8.jpeg',	'2022-02-25 13:37:01',	0),
(180,	35,	2,	0,	'struktury-panoramy-1-LuKA-1',	'struktury-panoramy-1-luka-1',	NULL,	'files/products/struktury-panoramy-1-LuKA-1.jpeg',	'files/products/tb_struktury-panoramy-1-LuKA-1.jpeg',	'2022-02-25 13:37:01',	0),
(185,	36,	2,	0,	'DKA01A-002-DCF-0124',	'dka01a-002-dcf-0124',	NULL,	'files/products/DKA01A-002-DCF-0124.jpeg',	'files/products/tb_DKA01A-002-DCF-0124.jpeg',	'2022-02-25 13:38:42',	0),
(186,	36,	2,	0,	'DKA01A-001-DCF-0123',	'dka01a-001-dcf-0123',	NULL,	'files/products/DKA01A-001-DCF-0123.jpeg',	'files/products/tb_DKA01A-001-DCF-0123.jpeg',	'2022-02-25 13:38:42',	0),
(187,	36,	2,	0,	'DKA01A-004-DCF-0128',	'dka01a-004-dcf-0128',	NULL,	'files/products/DKA01A-004-DCF-0128.jpeg',	'files/products/tb_DKA01A-004-DCF-0128.jpeg',	'2022-02-25 13:38:42',	0),
(188,	36,	2,	0,	'DKA01A-008-DCF-0254',	'dka01a-008-dcf-0254',	NULL,	'files/products/DKA01A-008-DCF-0254.jpeg',	'files/products/tb_DKA01A-008-DCF-0254.jpeg',	'2022-02-25 13:38:42',	0),
(189,	36,	2,	0,	'DKA01A-003-DCF-0126',	'dka01a-003-dcf-0126',	NULL,	'files/products/DKA01A-003-DCF-0126.jpeg',	'files/products/tb_DKA01A-003-DCF-0126.jpeg',	'2022-02-25 13:38:42',	0),
(190,	36,	2,	0,	'DKA01A-012-DCF-0272',	'dka01a-012-dcf-0272',	NULL,	'files/products/DKA01A-012-DCF-0272.jpeg',	'files/products/tb_DKA01A-012-DCF-0272.jpeg',	'2022-02-25 13:39:52',	0),
(191,	36,	2,	0,	'DKA01A-010-DCF-0267',	'dka01a-010-dcf-0267',	NULL,	'files/products/DKA01A-010-DCF-0267.jpeg',	'files/products/tb_DKA01A-010-DCF-0267.jpeg',	'2022-02-25 13:39:52',	0),
(192,	36,	2,	0,	'DKA01A-017-DCF-0456',	'dka01a-017-dcf-0456',	NULL,	'files/products/DKA01A-017-DCF-0456.jpeg',	'files/products/tb_DKA01A-017-DCF-0456.jpeg',	'2022-02-25 13:39:52',	0),
(193,	36,	2,	0,	'DKA01A-016-DCF-0454',	'dka01a-016-dcf-0454',	NULL,	'files/products/DKA01A-016-DCF-0454.jpeg',	'files/products/tb_DKA01A-016-DCF-0454.jpeg',	'2022-02-25 13:39:52',	0),
(194,	36,	2,	0,	'DKA01A-011-DCF-0270',	'dka01a-011-dcf-0270',	NULL,	'files/products/DKA01A-011-DCF-0270.jpeg',	'files/products/tb_DKA01A-011-DCF-0270.jpeg',	'2022-02-25 13:39:52',	0),
(195,	36,	2,	0,	'DKA01A-014-DCF-0416',	'dka01a-014-dcf-0416',	NULL,	'files/products/DKA01A-014-DCF-0416.jpeg',	'files/products/tb_DKA01A-014-DCF-0416.jpeg',	'2022-02-25 13:39:52',	0),
(196,	36,	2,	0,	'DKA01A-009-DCF-0261',	'dka01a-009-dcf-0261',	NULL,	'files/products/DKA01A-009-DCF-0261.jpeg',	'files/products/tb_DKA01A-009-DCF-0261.jpeg',	'2022-02-25 13:40:43',	0),
(197,	36,	2,	0,	'DKA01A-015-DCF-0419',	'dka01a-015-dcf-0419',	NULL,	'files/products/DKA01A-015-DCF-0419.jpeg',	'files/products/tb_DKA01A-015-DCF-0419.jpeg',	'2022-02-25 13:40:43',	0),
(198,	36,	2,	0,	'DKA01A-022-DCF-0514',	'dka01a-022-dcf-0514',	NULL,	'files/products/DKA01A-022-DCF-0514.jpeg',	'files/products/tb_DKA01A-022-DCF-0514.jpeg',	'2022-02-25 13:40:43',	0),
(199,	36,	2,	0,	'DKA01A-019-DCF-0482X',	'dka01a-019-dcf-0482x',	NULL,	'files/products/DKA01A-019-DCF-0482X.jpeg',	'files/products/tb_DKA01A-019-DCF-0482X.jpeg',	'2022-02-25 13:40:43',	0),
(200,	36,	2,	0,	'DKA01A-013-DCF-0382',	'dka01a-013-dcf-0382',	NULL,	'files/products/DKA01A-013-DCF-0382.jpeg',	'files/products/tb_DKA01A-013-DCF-0382.jpeg',	'2022-02-25 13:40:43',	0),
(201,	36,	2,	0,	'DKA01A-020-DCF-0490',	'dka01a-020-dcf-0490',	NULL,	'files/products/DKA01A-020-DCF-0490.jpeg',	'files/products/tb_DKA01A-020-DCF-0490.jpeg',	'2022-02-25 13:41:22',	0),
(202,	36,	2,	0,	'DKA01A-023-DCF-0515',	'dka01a-023-dcf-0515',	NULL,	'files/products/DKA01A-023-DCF-0515.jpeg',	'files/products/tb_DKA01A-023-DCF-0515.jpeg',	'2022-02-25 13:41:43',	0),
(203,	36,	2,	0,	'DKA01A-018-DCF-0481',	'dka01a-018-dcf-0481',	NULL,	'files/products/DKA01A-018-DCF-0481.jpeg',	'files/products/tb_DKA01A-018-DCF-0481.jpeg',	'2022-02-25 13:41:43',	0),
(204,	36,	2,	0,	'DKA01A-006-DCF-0130',	'dka01a-006-dcf-0130',	NULL,	'files/products/DKA01A-006-DCF-0130.jpeg',	'files/products/tb_DKA01A-006-DCF-0130.jpeg',	'2022-02-25 13:41:43',	0),
(205,	36,	2,	0,	'DKA01A-021-DCF-0503',	'dka01a-021-dcf-0503',	NULL,	'files/products/DKA01A-021-DCF-0503.jpeg',	'files/products/tb_DKA01A-021-DCF-0503.jpeg',	'2022-02-25 13:41:43',	0),
(206,	36,	2,	0,	'DKA01A-005-DCF-0129',	'dka01a-005-dcf-0129',	NULL,	'files/products/DKA01A-005-DCF-0129.jpeg',	'files/products/tb_DKA01A-005-DCF-0129.jpeg',	'2022-02-25 13:41:43',	0),
(207,	96,	2,	0,	'DCF-0102',	'dcf-0102',	NULL,	'files/products/DCF-0102.jpeg',	'files/products/tb_DCF-0102.jpeg',	'2021-12-05 21:13:31',	1),
(208,	96,	2,	0,	'DCF-2284',	'dcf-2284',	NULL,	'files/products/DCF-2284.jpeg',	'files/products/tb_DCF-2284.jpeg',	'2021-12-05 21:13:31',	1),
(209,	96,	2,	0,	'DCF-3568',	'dcf-3568',	NULL,	'files/products/DCF-3568.jpeg',	'files/products/tb_DCF-3568.jpeg',	'2021-12-05 21:13:31',	1),
(210,	96,	2,	0,	'DCF-1464',	'dcf-1464',	NULL,	'files/products/DCF-1464.jpeg',	'files/products/tb_DCF-1464.jpeg',	'2021-12-05 21:13:31',	1),
(211,	96,	2,	0,	'DCF-1252',	'dcf-1252',	NULL,	'files/products/DCF-1252.jpeg',	'files/products/tb_DCF-1252.jpeg',	'2021-12-05 21:13:31',	1),
(212,	96,	2,	0,	'DCF-3574',	'dcf-3574',	NULL,	'files/products/DCF-3574.jpeg',	'files/products/tb_DCF-3574.jpeg',	'2021-12-05 21:13:31',	1),
(213,	96,	2,	0,	'DCF-2887',	'dcf-2887',	NULL,	'files/products/DCF-2887.jpeg',	'files/products/tb_DCF-2887.jpeg',	'2021-12-05 21:13:31',	1),
(214,	96,	2,	0,	'DCF-3585',	'dcf-3585',	NULL,	'files/products/DCF-3585.jpeg',	'files/products/tb_DCF-3585.jpeg',	'2021-12-05 21:13:31',	1),
(215,	96,	2,	0,	'DCF-3947',	'dcf-3947',	NULL,	'files/products/DCF-3947.jpeg',	'files/products/tb_DCF-3947.jpeg',	'2021-12-05 21:13:31',	1),
(216,	96,	2,	0,	'DCF-3983',	'dcf-3983',	NULL,	'files/products/DCF-3983.jpeg',	'files/products/tb_DCF-3983.jpeg',	'2021-12-05 21:13:31',	1),
(217,	96,	2,	0,	'DCF-4616',	'dcf-4616',	NULL,	'files/products/DCF-4616.jpeg',	'files/products/tb_DCF-4616.jpeg',	'2021-12-05 21:13:31',	1),
(218,	96,	2,	0,	'DCF-3724',	'dcf-3724',	NULL,	'files/products/DCF-3724.jpeg',	'files/products/tb_DCF-3724.jpeg',	'2021-12-05 21:13:31',	1),
(219,	96,	2,	0,	'DCF-5933',	'dcf-5933',	NULL,	'files/products/DCF-5933.jpeg',	'files/products/tb_DCF-5933.jpeg',	'2021-12-05 21:13:31',	1),
(220,	96,	2,	0,	'DCF-4174',	'dcf-4174',	NULL,	'files/products/DCF-4174.jpeg',	'files/products/tb_DCF-4174.jpeg',	'2021-12-05 21:13:31',	1),
(221,	96,	2,	0,	'DCF-6250',	'dcf-6250',	NULL,	'files/products/DCF-6250.jpeg',	'files/products/tb_DCF-6250.jpeg',	'2021-12-05 21:13:31',	1),
(222,	96,	2,	0,	'DCF-6186',	'dcf-6186',	NULL,	'files/products/DCF-6186.jpeg',	'files/products/tb_DCF-6186.jpeg',	'2021-12-05 21:13:31',	1),
(223,	96,	2,	0,	'DCF-6335',	'dcf-6335',	NULL,	'files/products/DCF-6335.jpeg',	'files/products/tb_DCF-6335.jpeg',	'2021-12-05 21:13:31',	1),
(224,	96,	2,	0,	'DCF-5962',	'dcf-5962',	NULL,	'files/products/DCF-5962.jpeg',	'files/products/tb_DCF-5962.jpeg',	'2021-12-05 21:13:31',	1),
(225,	96,	2,	0,	'DCF-8822',	'dcf-8822',	NULL,	'files/products/DCF-8822.jpeg',	'files/products/tb_DCF-8822.jpeg',	'2021-12-05 21:13:31',	1),
(226,	96,	2,	0,	'DCF-7924',	'dcf-7924',	NULL,	'files/products/DCF-7924.jpeg',	'files/products/tb_DCF-7924.jpeg',	'2021-12-05 21:13:31',	1),
(227,	96,	2,	0,	'DCF-7534',	'dcf-7534',	NULL,	'files/products/DCF-7534.jpeg',	'files/products/tb_DCF-7534.jpeg',	'2021-12-05 21:13:31',	1),
(228,	96,	2,	0,	'DCF-9310',	'dcf-9310',	NULL,	'files/products/DCF-9310.jpeg',	'files/products/tb_DCF-9310.jpeg',	'2021-12-05 21:13:31',	1),
(229,	96,	2,	0,	'DCF-9326',	'dcf-9326',	NULL,	'files/products/DCF-9326.jpeg',	'files/products/tb_DCF-9326.jpeg',	'2021-12-05 21:13:31',	1),
(230,	96,	2,	0,	'DCF-9346',	'dcf-9346',	NULL,	'files/products/DCF-9346.jpeg',	'files/products/tb_DCF-9346.jpeg',	'2021-12-05 21:13:31',	1),
(231,	96,	2,	0,	'DCF-9336',	'dcf-9336',	NULL,	'files/products/DCF-9336.jpeg',	'files/products/tb_DCF-9336.jpeg',	'2021-12-05 21:13:31',	1),
(232,	96,	2,	0,	'DCF-9371',	'dcf-9371',	NULL,	'files/products/DCF-9371.jpeg',	'files/products/tb_DCF-9371.jpeg',	'2021-12-05 21:13:31',	1),
(233,	96,	2,	0,	'DCF-9405',	'dcf-9405',	NULL,	'files/products/DCF-9405.jpeg',	'files/products/tb_DCF-9405.jpeg',	'2021-12-05 21:13:31',	1),
(234,	96,	2,	0,	'DCF-9419',	'dcf-9419',	NULL,	'files/products/DCF-9419.jpeg',	'files/products/tb_DCF-9419.jpeg',	'2021-12-05 21:13:31',	1),
(235,	96,	2,	0,	'DCF-9424',	'dcf-9424',	NULL,	'files/products/DCF-9424.jpeg',	'files/products/tb_DCF-9424.jpeg',	'2021-12-05 21:13:31',	1),
(236,	96,	2,	0,	'DCF-9409',	'dcf-9409',	NULL,	'files/products/DCF-9409.jpeg',	'files/products/tb_DCF-9409.jpeg',	'2021-12-05 21:13:31',	1),
(237,	96,	2,	0,	'DSC-3429',	'dsc-3429',	NULL,	'files/products/DSC-3429.jpeg',	'files/products/tb_DSC-3429.jpeg',	'2021-12-05 21:13:31',	1),
(238,	96,	2,	0,	'DSC-3882',	'dsc-3882',	NULL,	'files/products/DSC-3882.jpeg',	'files/products/tb_DSC-3882.jpeg',	'2021-12-05 21:13:31',	1),
(239,	96,	2,	0,	'DSC-1403',	'dsc-1403',	NULL,	'files/products/DSC-1403.jpeg',	'files/products/tb_DSC-1403.jpeg',	'2021-12-05 21:13:31',	1),
(240,	96,	2,	0,	'DSC-3919',	'dsc-3919',	NULL,	'files/products/DSC-3919.jpeg',	'files/products/tb_DSC-3919.jpeg',	'2021-12-05 21:13:31',	1),
(241,	96,	2,	0,	'DSC-3498',	'dsc-3498',	NULL,	'files/products/DSC-3498.jpeg',	'files/products/tb_DSC-3498.jpeg',	'2021-12-05 21:13:31',	1),
(242,	96,	2,	0,	'DCF-9448',	'dcf-9448',	NULL,	'files/products/DCF-9448.jpeg',	'files/products/tb_DCF-9448.jpeg',	'2021-12-05 21:13:31',	1),
(243,	96,	2,	0,	'DSC-4085',	'dsc-4085',	NULL,	'files/products/DSC-4085.jpeg',	'files/products/tb_DSC-4085.jpeg',	'2021-12-05 21:13:31',	1),
(244,	96,	2,	0,	'DSC-2189',	'dsc-2189',	NULL,	'files/products/DSC-2189.jpeg',	'files/products/tb_DSC-2189.jpeg',	'2021-12-05 21:13:31',	1),
(245,	96,	2,	0,	'DSC-6525',	'dsc-6525',	NULL,	'files/products/DSC-6525.jpeg',	'files/products/tb_DSC-6525.jpeg',	'2021-12-05 21:13:31',	1),
(246,	96,	2,	0,	'DSC-6548',	'dsc-6548',	NULL,	'files/products/DSC-6548.jpeg',	'files/products/tb_DSC-6548.jpeg',	'2021-12-05 21:13:31',	1),
(247,	96,	2,	0,	'DSC-3622',	'dsc-3622',	NULL,	'files/products/DSC-3622.jpeg',	'files/products/tb_DSC-3622.jpeg',	'2021-12-05 21:13:31',	1),
(248,	96,	2,	0,	'DSC-8878',	'dsc-8878',	NULL,	'files/products/DSC-8878.jpeg',	'files/products/tb_DSC-8878.jpeg',	'2021-12-05 21:13:31',	1),
(249,	96,	2,	0,	'DSC-6832',	'dsc-6832',	NULL,	'files/products/DSC-6832.jpeg',	'files/products/tb_DSC-6832.jpeg',	'2021-12-05 21:13:31',	1),
(250,	96,	2,	0,	'DSC-7057',	'dsc-7057',	NULL,	'files/products/DSC-7057.jpeg',	'files/products/tb_DSC-7057.jpeg',	'2021-12-05 21:13:31',	1),
(251,	96,	2,	0,	'DSC-8408',	'dsc-8408',	NULL,	'files/products/DSC-8408.jpeg',	'files/products/tb_DSC-8408.jpeg',	'2021-12-05 21:13:31',	1),
(252,	96,	2,	0,	'DSC-6416',	'dsc-6416',	NULL,	'files/products/DSC-6416.jpeg',	'files/products/tb_DSC-6416.jpeg',	'2021-12-05 21:13:31',	1),
(253,	96,	2,	0,	'P1312355',	'p1312355',	NULL,	'files/products/P1312355.jpeg',	'files/products/tb_P1312355.jpeg',	'2021-12-05 21:13:31',	1),
(254,	96,	2,	0,	'DSC-7749',	'dsc-7749',	NULL,	'files/products/DSC-7749.jpeg',	'files/products/tb_DSC-7749.jpeg',	'2021-12-05 21:13:31',	1),
(255,	96,	2,	0,	'Image-Date-time-original-0319',	'image-date-time-original-0319',	NULL,	'files/products/Image-Date-time-original-0319.jpeg',	'files/products/tb_Image-Date-time-original-0319.jpeg',	'2021-12-05 21:13:31',	1),
(256,	96,	2,	0,	'Image-Date-time-original-0409',	'image-date-time-original-0409',	NULL,	'files/products/Image-Date-time-original-0409.jpeg',	'files/products/tb_Image-Date-time-original-0409.jpeg',	'2021-12-05 21:13:31',	1),
(257,	96,	2,	0,	'P1267866',	'p1267866',	NULL,	'files/products/P1267866.jpeg',	'files/products/tb_P1267866.jpeg',	'2021-12-05 21:13:31',	1),
(258,	96,	2,	0,	'Image-Date-time-original-0399',	'image-date-time-original-0399',	NULL,	'files/products/Image-Date-time-original-0399.jpeg',	'files/products/tb_Image-Date-time-original-0399.jpeg',	'2021-12-05 21:13:31',	1),
(259,	96,	2,	0,	'P1267870',	'p1267870',	NULL,	'files/products/P1267870.jpeg',	'files/products/tb_P1267870.jpeg',	'2021-12-05 21:13:31',	1),
(260,	96,	2,	0,	'Image-Date-time-original-0752',	'image-date-time-original-0752',	NULL,	'files/products/Image-Date-time-original-0752.jpeg',	'files/products/tb_Image-Date-time-original-0752.jpeg',	'2021-12-05 21:13:31',	1),
(261,	96,	2,	0,	'P2039054',	'p2039054',	NULL,	'files/products/P2039054.jpeg',	'files/products/tb_P2039054.jpeg',	'2021-12-05 21:13:31',	1),
(262,	96,	2,	0,	'P2170263',	'p2170263',	NULL,	'files/products/P2170263.jpeg',	'files/products/tb_P2170263.jpeg',	'2021-12-05 21:13:31',	1),
(263,	96,	2,	0,	'P3021760',	'p3021760',	NULL,	'files/products/P3021760.jpeg',	'files/products/tb_P3021760.jpeg',	'2021-12-05 21:13:31',	1),
(264,	96,	2,	0,	'P2271736',	'p2271736',	NULL,	'files/products/P2271736.jpeg',	'files/products/tb_P2271736.jpeg',	'2021-12-05 21:13:31',	1),
(265,	96,	2,	0,	'P2170331',	'p2170331',	NULL,	'files/products/P2170331.jpeg',	'files/products/tb_P2170331.jpeg',	'2021-12-05 21:13:31',	1),
(266,	96,	2,	0,	'P3021744',	'p3021744',	NULL,	'files/products/P3021744.jpeg',	'files/products/tb_P3021744.jpeg',	'2021-12-05 21:13:31',	1),
(267,	96,	2,	0,	'P3194415',	'p3194415',	NULL,	'files/products/P3194415.jpeg',	'files/products/tb_P3194415.jpeg',	'2021-12-05 21:13:31',	1),
(268,	96,	2,	0,	'P3220726',	'p3220726',	NULL,	'files/products/P3220726.jpeg',	'files/products/tb_P3220726.jpeg',	'2021-12-05 21:13:31',	1),
(269,	96,	2,	0,	'P3210552',	'p3210552',	NULL,	'files/products/P3210552.jpeg',	'files/products/tb_P3210552.jpeg',	'2021-12-05 21:13:31',	1),
(270,	96,	2,	0,	'P3291590',	'p3291590',	NULL,	'files/products/P3291590.jpeg',	'files/products/tb_P3291590.jpeg',	'2021-12-05 21:13:31',	1),
(271,	96,	2,	0,	'P3291581',	'p3291581',	NULL,	'files/products/P3291581.jpeg',	'files/products/tb_P3291581.jpeg',	'2021-12-05 21:13:31',	1),
(272,	96,	2,	0,	'P3281170',	'p3281170',	NULL,	'files/products/P3281170.jpeg',	'files/products/tb_P3281170.jpeg',	'2021-12-05 21:13:31',	1),
(273,	96,	2,	0,	'P3194367',	'p3194367',	NULL,	'files/products/P3194367.jpeg',	'files/products/tb_P3194367.jpeg',	'2021-12-05 21:13:31',	1),
(274,	96,	2,	0,	'P4244669',	'p4244669',	NULL,	'files/products/P4244669.jpeg',	'files/products/tb_P4244669.jpeg',	'2021-12-05 21:13:31',	1),
(275,	96,	2,	0,	'P4063651',	'p4063651',	NULL,	'files/products/P4063651.jpeg',	'files/products/tb_P4063651.jpeg',	'2021-12-05 21:13:31',	1),
(276,	96,	2,	0,	'P4234564',	'p4234564',	NULL,	'files/products/P4234564.jpeg',	'files/products/tb_P4234564.jpeg',	'2021-12-05 21:13:31',	1),
(277,	96,	2,	0,	'P5101013',	'p5101013',	NULL,	'files/products/P5101013.jpeg',	'files/products/tb_P5101013.jpeg',	'2021-12-05 21:13:31',	1),
(278,	96,	2,	0,	'P4234594',	'p4234594',	NULL,	'files/products/P4234594.jpeg',	'files/products/tb_P4234594.jpeg',	'2021-12-05 21:13:31',	1),
(279,	96,	2,	0,	'P4283620',	'p4283620',	NULL,	'files/products/P4283620.jpeg',	'files/products/tb_P4283620.jpeg',	'2021-12-05 21:13:31',	1),
(280,	96,	2,	0,	'P5133061',	'p5133061',	NULL,	'files/products/P5133061.jpeg',	'files/products/tb_P5133061.jpeg',	'2021-12-05 21:13:31',	1),
(281,	96,	2,	0,	'P7176756',	'p7176756',	NULL,	'files/products/P7176756.jpeg',	'files/products/tb_P7176756.jpeg',	'2021-12-05 21:13:31',	1),
(282,	96,	2,	0,	'P7124211x',	'p7124211x',	NULL,	'files/products/P7124211x.jpeg',	'files/products/tb_P7124211x.jpeg',	'2021-12-05 21:13:31',	1),
(283,	96,	2,	0,	'P6242500',	'p6242500',	NULL,	'files/products/P6242500.jpeg',	'files/products/tb_P6242500.jpeg',	'2021-12-05 21:13:31',	1),
(284,	96,	2,	0,	'P6245026',	'p6245026',	NULL,	'files/products/P6245026.jpeg',	'files/products/tb_P6245026.jpeg',	'2021-12-05 21:13:31',	1),
(285,	96,	2,	0,	'P7165001',	'p7165001',	NULL,	'files/products/P7165001.jpeg',	'files/products/tb_P7165001.jpeg',	'2021-12-05 21:13:31',	1),
(286,	96,	2,	0,	'P7136386',	'p7136386',	NULL,	'files/products/P7136386.jpeg',	'files/products/tb_P7136386.jpeg',	'2021-12-05 21:13:31',	1),
(287,	96,	2,	0,	'P7185214',	'p7185214',	NULL,	'files/products/P7185214.jpeg',	'files/products/tb_P7185214.jpeg',	'2021-12-05 21:13:31',	1),
(288,	96,	2,	0,	'P5193320',	'p5193320',	NULL,	'files/products/P5193320.jpeg',	'files/products/tb_P5193320.jpeg',	'2021-12-05 21:13:31',	1),
(289,	96,	2,	0,	'P7216010',	'p7216010',	NULL,	'files/products/P7216010.jpeg',	'files/products/tb_P7216010.jpeg',	'2021-12-05 21:13:31',	1),
(290,	96,	2,	0,	'P7226278',	'p7226278',	NULL,	'files/products/P7226278.jpeg',	'files/products/tb_P7226278.jpeg',	'2021-12-05 21:13:31',	1),
(291,	96,	2,	0,	'P8097273',	'p8097273',	NULL,	'files/products/P8097273.jpeg',	'files/products/tb_P8097273.jpeg',	'2021-12-05 21:13:31',	1),
(292,	96,	2,	0,	'P8310474',	'p8310474',	NULL,	'files/products/P8310474.jpeg',	'files/products/tb_P8310474.jpeg',	'2021-12-05 21:13:31',	1),
(293,	96,	2,	0,	'P7226280',	'p7226280',	NULL,	'files/products/P7226280.jpeg',	'files/products/tb_P7226280.jpeg',	'2021-12-05 21:13:31',	1),
(294,	96,	2,	0,	'PA291212',	'pa291212',	NULL,	'files/products/PA291212.jpeg',	'files/products/tb_PA291212.jpeg',	'2021-12-05 21:13:31',	1),
(295,	96,	2,	0,	'P7216081',	'p7216081',	NULL,	'files/products/P7216081.jpeg',	'files/products/tb_P7216081.jpeg',	'2021-12-05 21:13:31',	1),
(296,	96,	2,	0,	'P9262189',	'p9262189',	NULL,	'files/products/P9262189.jpeg',	'files/products/tb_P9262189.jpeg',	'2021-12-05 21:13:31',	1),
(297,	96,	2,	0,	'PA279216',	'pa279216',	NULL,	'files/products/PA279216.jpeg',	'files/products/tb_PA279216.jpeg',	'2021-12-05 21:13:31',	1),
(298,	96,	2,	0,	'PA301260',	'pa301260',	NULL,	'files/products/PA301260.jpeg',	'files/products/tb_PA301260.jpeg',	'2021-12-05 21:13:31',	1),
(299,	96,	2,	0,	'PA027340',	'pa027340',	NULL,	'files/products/PA027340.jpeg',	'files/products/tb_PA027340.jpeg',	'2021-12-05 21:13:31',	1),
(300,	96,	2,	0,	'PA279310',	'pa279310',	NULL,	'files/products/PA279310.jpeg',	'files/products/tb_PA279310.jpeg',	'2021-12-05 21:13:31',	1),
(301,	96,	2,	0,	'VVQ-0139',	'vvq-0139',	NULL,	'files/products/VVQ-0139.jpeg',	'files/products/tb_VVQ-0139.jpeg',	'2021-12-05 21:13:31',	1),
(302,	96,	2,	0,	'VVQ-0968',	'vvq-0968',	NULL,	'files/products/VVQ-0968.jpeg',	'files/products/tb_VVQ-0968.jpeg',	'2021-12-05 21:13:31',	1),
(303,	96,	2,	0,	'VVQ-0652',	'vvq-0652',	NULL,	'files/products/VVQ-0652.jpeg',	'files/products/tb_VVQ-0652.jpeg',	'2021-12-05 21:13:31',	1),
(304,	96,	2,	0,	'VVQ-1051',	'vvq-1051',	NULL,	'files/products/VVQ-1051.jpeg',	'files/products/tb_VVQ-1051.jpeg',	'2021-12-05 21:13:31',	1),
(305,	96,	2,	0,	'VVQ-0975',	'vvq-0975',	NULL,	'files/products/VVQ-0975.jpeg',	'files/products/tb_VVQ-0975.jpeg',	'2021-12-05 21:13:31',	1),
(306,	96,	2,	0,	'VVQ-3401',	'vvq-3401',	NULL,	'files/products/VVQ-3401.jpeg',	'files/products/tb_VVQ-3401.jpeg',	'2021-12-05 21:13:31',	1),
(307,	96,	2,	0,	'VVQ-1411',	'vvq-1411',	NULL,	'files/products/VVQ-1411.jpeg',	'files/products/tb_VVQ-1411.jpeg',	'2021-12-05 21:13:31',	1),
(308,	96,	2,	0,	'VVQ-3892',	'vvq-3892',	NULL,	'files/products/VVQ-3892.jpeg',	'files/products/tb_VVQ-3892.jpeg',	'2021-12-05 21:13:31',	1),
(309,	96,	2,	0,	'VVQ-3976',	'vvq-3976',	NULL,	'files/products/VVQ-3976.jpeg',	'files/products/tb_VVQ-3976.jpeg',	'2021-12-05 21:13:31',	1),
(310,	96,	2,	0,	'VVQ-2923',	'vvq-2923',	NULL,	'files/products/VVQ-2923.jpeg',	'files/products/tb_VVQ-2923.jpeg',	'2021-12-05 21:13:31',	1),
(311,	96,	2,	0,	'VVQ-5704',	'vvq-5704',	NULL,	'files/products/VVQ-5704.jpeg',	'files/products/tb_VVQ-5704.jpeg',	'2021-12-05 21:13:31',	1),
(312,	96,	2,	0,	'VVQ-3845',	'vvq-3845',	NULL,	'files/products/VVQ-3845.jpeg',	'files/products/tb_VVQ-3845.jpeg',	'2021-12-05 21:13:31',	1),
(313,	96,	2,	0,	'VVQ-4964',	'vvq-4964',	NULL,	'files/products/VVQ-4964.jpeg',	'files/products/tb_VVQ-4964.jpeg',	'2021-12-05 21:13:31',	1),
(314,	96,	2,	0,	'VVQ-2901',	'vvq-2901',	NULL,	'files/products/VVQ-2901.jpeg',	'files/products/tb_VVQ-2901.jpeg',	'2021-12-05 21:13:31',	1),
(315,	96,	2,	0,	'VVQ-5757',	'vvq-5757',	NULL,	'files/products/VVQ-5757.jpeg',	'files/products/tb_VVQ-5757.jpeg',	'2021-12-05 21:13:31',	1),
(316,	96,	2,	0,	'VVQ-7487',	'vvq-7487',	NULL,	'files/products/VVQ-7487.jpeg',	'files/products/tb_VVQ-7487.jpeg',	'2021-12-05 21:13:31',	1),
(317,	96,	2,	0,	'VVQ-5694',	'vvq-5694',	NULL,	'files/products/VVQ-5694.jpeg',	'files/products/tb_VVQ-5694.jpeg',	'2021-12-05 21:13:31',	1),
(318,	96,	2,	0,	'VVQ-5963',	'vvq-5963',	NULL,	'files/products/VVQ-5963.jpeg',	'files/products/tb_VVQ-5963.jpeg',	'2021-12-05 21:13:31',	1),
(319,	96,	2,	0,	'VVQ-5917',	'vvq-5917',	NULL,	'files/products/VVQ-5917.jpeg',	'files/products/tb_VVQ-5917.jpeg',	'2021-12-05 21:13:31',	1),
(320,	96,	2,	0,	'VVQ-7801',	'vvq-7801',	NULL,	'files/products/VVQ-7801.jpeg',	'files/products/tb_VVQ-7801.jpeg',	'2021-12-05 21:13:31',	1),
(321,	96,	2,	0,	'VVQ-7933',	'vvq-7933',	NULL,	'files/products/VVQ-7933.jpeg',	'files/products/tb_VVQ-7933.jpeg',	'2021-12-05 21:13:31',	1),
(322,	96,	2,	0,	'VVQ-4185',	'vvq-4185',	NULL,	'files/products/VVQ-4185.jpeg',	'files/products/tb_VVQ-4185.jpeg',	'2021-12-05 21:13:31',	1),
(323,	96,	2,	0,	'VVQ-8097',	'vvq-8097',	NULL,	'files/products/VVQ-8097.jpeg',	'files/products/tb_VVQ-8097.jpeg',	'2021-12-05 21:13:31',	1),
(324,	96,	2,	0,	'VVQ-8045',	'vvq-8045',	NULL,	'files/products/VVQ-8045.jpeg',	'files/products/tb_VVQ-8045.jpeg',	'2021-12-05 21:13:31',	1),
(325,	96,	2,	0,	'VVQ-8593',	'vvq-8593',	NULL,	'files/products/VVQ-8593.jpeg',	'files/products/tb_VVQ-8593.jpeg',	'2021-12-05 21:13:31',	1),
(326,	96,	2,	0,	'VVQ-9492',	'vvq-9492',	NULL,	'files/products/VVQ-9492.jpeg',	'files/products/tb_VVQ-9492.jpeg',	'2021-12-05 21:13:31',	1),
(327,	96,	2,	0,	'VVQ-8333',	'vvq-8333',	NULL,	'files/products/VVQ-8333.jpeg',	'files/products/tb_VVQ-8333.jpeg',	'2021-12-05 21:13:31',	1),
(328,	96,	2,	0,	'DCF-9427',	'dcf-9427',	NULL,	'files/products/DCF-9427.jpeg',	'files/products/tb_DCF-9427.jpeg',	'2021-12-05 21:13:31',	1),
(329,	96,	2,	0,	'VVQ-9600',	'vvq-9600',	NULL,	'files/products/VVQ-9600.jpeg',	'files/products/tb_VVQ-9600.jpeg',	'2021-12-05 21:13:31',	1),
(330,	96,	2,	0,	'DCF-3578',	'dcf-3578',	NULL,	'files/products/DCF-3578.jpeg',	'files/products/tb_DCF-3578.jpeg',	'2021-12-05 21:13:31',	1),
(331,	96,	2,	0,	'PB172162',	'pb172162',	NULL,	'files/products/PB172162.jpeg',	'files/products/tb_PB172162.jpeg',	'2021-12-05 21:13:31',	1),
(332,	96,	2,	0,	'DSC-4240',	'dsc-4240',	NULL,	'files/products/DSC-4240.jpeg',	'files/products/tb_DSC-4240.jpeg',	'2021-12-05 21:13:31',	1),
(333,	96,	2,	0,	'DCF-9444',	'dcf-9444',	NULL,	'files/products/DCF-9444.jpeg',	'files/products/tb_DCF-9444.jpeg',	'2021-12-05 21:13:31',	1),
(334,	96,	2,	0,	'PA309410',	'pa309410',	NULL,	'files/products/PA309410.jpeg',	'files/products/tb_PA309410.jpeg',	'2021-12-05 21:13:31',	1),
(335,	96,	2,	0,	'P3242261',	'p3242261',	NULL,	'files/products/P3242261.jpeg',	'files/products/tb_P3242261.jpeg',	'2021-12-05 21:13:31',	1),
(336,	96,	2,	0,	'P4234541',	'p4234541',	NULL,	'files/products/P4234541.jpeg',	'files/products/tb_P4234541.jpeg',	'2021-12-05 21:13:31',	1),
(337,	96,	2,	0,	'VVQ-3974',	'vvq-3974',	NULL,	'files/products/VVQ-3974.jpeg',	'files/products/tb_VVQ-3974.jpeg',	'2021-12-05 21:13:31',	1),
(338,	96,	2,	0,	'VVQ-0609',	'vvq-0609',	NULL,	'files/products/VVQ-0609.jpeg',	'files/products/tb_VVQ-0609.jpeg',	'2021-12-05 21:13:31',	1),
(339,	96,	2,	0,	'VVQ-0158',	'vvq-0158',	NULL,	'files/products/VVQ-0158.jpeg',	'files/products/tb_VVQ-0158.jpeg',	'2021-12-05 21:13:31',	1),
(340,	96,	2,	0,	'P9262285',	'p9262285',	NULL,	'files/products/P9262285.jpeg',	'files/products/tb_P9262285.jpeg',	'2021-12-05 21:13:31',	1),
(341,	96,	2,	0,	'VVQ-8144',	'vvq-8144',	NULL,	'files/products/VVQ-8144.jpeg',	'files/products/tb_VVQ-8144.jpeg',	'2021-12-05 21:13:31',	1),
(342,	96,	2,	0,	'VVQ-8567',	'vvq-8567',	NULL,	'files/products/VVQ-8567.jpeg',	'files/products/tb_VVQ-8567.jpeg',	'2021-12-05 21:13:31',	1),
(343,	96,	2,	0,	'P8030236',	'p8030236',	NULL,	'files/products/P8030236.jpeg',	'files/products/tb_P8030236.jpeg',	'2021-12-05 21:13:31',	1),
(344,	96,	2,	0,	'PA309402',	'pa309402',	NULL,	'files/products/PA309402.jpeg',	'files/products/tb_PA309402.jpeg',	'2021-12-05 21:13:31',	1),
(380,	127,	2,	0,	'DSC-39191',	'dsc-39191',	NULL,	'files/products/DSC-39191.jpeg',	'files/products/tb_DSC-39191.jpeg',	'2022-02-18 17:33:34',	1),
(381,	127,	2,	0,	'DCF-94481',	'dcf-94481',	NULL,	'files/products/DCF-94481.jpeg',	'files/products/tb_DCF-94481.jpeg',	'2022-02-18 17:33:34',	1),
(382,	127,	2,	0,	'DSC-36221',	'dsc-36221',	NULL,	'files/products/DSC-36221.jpeg',	'files/products/tb_DSC-36221.jpeg',	'2022-02-18 17:33:34',	1),
(383,	127,	2,	0,	'DSC-34981',	'dsc-34981',	NULL,	'files/products/DSC-34981.jpeg',	'files/products/tb_DSC-34981.jpeg',	'2022-02-18 17:33:34',	1),
(384,	127,	2,	0,	'DSC-21891',	'dsc-21891',	NULL,	'files/products/DSC-21891.jpeg',	'files/products/tb_DSC-21891.jpeg',	'2022-02-18 17:33:34',	1),
(385,	127,	2,	0,	'DSC-42401',	'dsc-42401',	NULL,	'files/products/DSC-42401.jpeg',	'files/products/tb_DSC-42401.jpeg',	'2022-02-18 17:33:34',	1),
(386,	127,	2,	0,	'DSC-65481',	'dsc-65481',	NULL,	'files/products/DSC-65481.jpeg',	'files/products/tb_DSC-65481.jpeg',	'2022-02-18 17:33:34',	1),
(387,	127,	2,	0,	'DSC-65251',	'dsc-65251',	NULL,	'files/products/DSC-65251.jpeg',	'files/products/tb_DSC-65251.jpeg',	'2022-02-18 17:33:34',	1),
(388,	127,	2,	0,	'DSC-40851',	'dsc-40851',	NULL,	'files/products/DSC-40851.jpeg',	'files/products/tb_DSC-40851.jpeg',	'2022-02-18 17:33:34',	1),
(389,	127,	2,	0,	'DSC-88781',	'dsc-88781',	NULL,	'files/products/DSC-88781.jpeg',	'files/products/tb_DSC-88781.jpeg',	'2022-02-18 17:33:34',	1),
(390,	127,	2,	0,	'DSC-84081',	'dsc-84081',	NULL,	'files/products/DSC-84081.jpeg',	'files/products/tb_DSC-84081.jpeg',	'2022-02-18 17:33:34',	1),
(391,	127,	2,	0,	'DSC-70571',	'dsc-70571',	NULL,	'files/products/DSC-70571.jpeg',	'files/products/tb_DSC-70571.jpeg',	'2022-02-18 17:33:34',	1),
(392,	127,	2,	0,	'DSC-64161',	'dsc-64161',	NULL,	'files/products/DSC-64161.jpeg',	'files/products/tb_DSC-64161.jpeg',	'2022-02-18 17:33:34',	1),
(393,	127,	2,	0,	'Image-Date-time-original-03191',	'image-date-time-original-03191',	NULL,	'files/products/Image-Date-time-original-03191.jpeg',	'files/products/tb_Image-Date-time-original-03191.jpeg',	'2022-02-18 17:33:34',	1),
(394,	127,	2,	0,	'Image-Date-time-original-03991',	'image-date-time-original-03991',	NULL,	'files/products/Image-Date-time-original-03991.jpeg',	'files/products/tb_Image-Date-time-original-03991.jpeg',	'2022-02-18 17:33:34',	1),
(395,	127,	2,	0,	'Image-Date-time-original-07521',	'image-date-time-original-07521',	NULL,	'files/products/Image-Date-time-original-07521.jpeg',	'files/products/tb_Image-Date-time-original-07521.jpeg',	'2022-02-18 17:33:34',	1),
(396,	127,	2,	0,	'Image-Date-time-original-04091',	'image-date-time-original-04091',	NULL,	'files/products/Image-Date-time-original-04091.jpeg',	'files/products/tb_Image-Date-time-original-04091.jpeg',	'2022-02-18 17:33:34',	1),
(397,	127,	2,	0,	'P13123551',	'p13123551',	NULL,	'files/products/P13123551.jpeg',	'files/products/tb_P13123551.jpeg',	'2022-02-18 17:33:34',	1),
(398,	127,	2,	0,	'P12678701',	'p12678701',	NULL,	'files/products/P12678701.jpeg',	'files/products/tb_P12678701.jpeg',	'2022-02-18 17:33:34',	1),
(399,	127,	2,	0,	'P12678661',	'p12678661',	NULL,	'files/products/P12678661.jpeg',	'files/products/tb_P12678661.jpeg',	'2022-02-18 17:33:34',	1),
(400,	127,	2,	0,	'P22717361',	'p22717361',	NULL,	'files/products/P22717361.jpeg',	'files/products/tb_P22717361.jpeg',	'2022-02-18 17:33:34',	1),
(401,	127,	2,	0,	'P32207261',	'p32207261',	NULL,	'files/products/P32207261.jpeg',	'files/products/tb_P32207261.jpeg',	'2022-02-18 17:33:34',	1),
(402,	127,	2,	0,	'P30217601',	'p30217601',	NULL,	'files/products/P30217601.jpeg',	'files/products/tb_P30217601.jpeg',	'2022-02-18 17:33:34',	1),
(403,	127,	2,	0,	'P30217441',	'p30217441',	NULL,	'files/products/P30217441.jpeg',	'files/products/tb_P30217441.jpeg',	'2022-02-18 17:33:34',	1),
(404,	127,	2,	0,	'P31944151',	'p31944151',	NULL,	'files/products/P31944151.jpeg',	'files/products/tb_P31944151.jpeg',	'2022-02-18 17:33:34',	1),
(405,	127,	2,	0,	'P20390541',	'p20390541',	NULL,	'files/products/P20390541.jpeg',	'files/products/tb_P20390541.jpeg',	'2022-02-18 17:33:34',	1),
(406,	127,	2,	0,	'P32422611',	'p32422611',	NULL,	'files/products/P32422611.jpeg',	'files/products/tb_P32422611.jpeg',	'2022-02-18 17:33:34',	1),
(407,	127,	2,	0,	'P31943671',	'p31943671',	NULL,	'files/products/P31943671.jpeg',	'files/products/tb_P31943671.jpeg',	'2022-02-18 17:33:34',	1),
(408,	127,	2,	0,	'P32915901',	'p32915901',	NULL,	'files/products/P32915901.jpeg',	'files/products/tb_P32915901.jpeg',	'2022-02-18 17:33:34',	1),
(409,	127,	2,	0,	'P32105521',	'p32105521',	NULL,	'files/products/P32105521.jpeg',	'files/products/tb_P32105521.jpeg',	'2022-02-18 17:33:34',	1),
(410,	127,	2,	0,	'P32915811',	'p32915811',	NULL,	'files/products/P32915811.jpeg',	'files/products/tb_P32915811.jpeg',	'2022-02-18 17:33:34',	1),
(411,	127,	2,	0,	'P32811701',	'p32811701',	NULL,	'files/products/P32811701.jpeg',	'files/products/tb_P32811701.jpeg',	'2022-02-18 17:33:34',	1),
(412,	127,	2,	0,	'P42446691',	'p42446691',	NULL,	'files/products/P42446691.jpeg',	'files/products/tb_P42446691.jpeg',	'2022-02-18 17:33:34',	1),
(413,	127,	2,	0,	'P40636511',	'p40636511',	NULL,	'files/products/P40636511.jpeg',	'files/products/tb_P40636511.jpeg',	'2022-02-18 17:33:34',	1),
(414,	127,	2,	0,	'P42345411',	'p42345411',	NULL,	'files/products/P42345411.jpeg',	'files/products/tb_P42345411.jpeg',	'2022-02-18 17:33:34',	1),
(415,	127,	2,	0,	'P42345641',	'p42345641',	NULL,	'files/products/P42345641.jpeg',	'files/products/tb_P42345641.jpeg',	'2022-02-18 17:33:34',	1),
(416,	127,	2,	0,	'P62450261',	'p62450261',	NULL,	'files/products/P62450261.jpeg',	'files/products/tb_P62450261.jpeg',	'2022-02-18 17:33:34',	1),
(417,	127,	2,	0,	'P51933201',	'p51933201',	NULL,	'files/products/P51933201.jpeg',	'files/products/tb_P51933201.jpeg',	'2022-02-18 17:33:34',	1),
(418,	127,	2,	0,	'P51010131',	'p51010131',	NULL,	'files/products/P51010131.jpeg',	'files/products/tb_P51010131.jpeg',	'2022-02-18 17:33:34',	1),
(419,	127,	2,	0,	'P51330611',	'p51330611',	NULL,	'files/products/P51330611.jpeg',	'files/products/tb_P51330611.jpeg',	'2022-02-18 17:33:34',	1),
(420,	127,	2,	0,	'P42345941',	'p42345941',	NULL,	'files/products/P42345941.jpeg',	'files/products/tb_P42345941.jpeg',	'2022-02-18 17:33:34',	1),
(421,	127,	2,	0,	'P7124211x1',	'p7124211x1',	NULL,	'files/products/P7124211x1.jpeg',	'files/products/tb_P7124211x1.jpeg',	'2022-02-18 17:33:34',	1),
(422,	127,	2,	0,	'P62425001',	'p62425001',	NULL,	'files/products/P62425001.jpeg',	'files/products/tb_P62425001.jpeg',	'2022-02-18 17:33:34',	1),
(423,	127,	2,	0,	'P71767561',	'p71767561',	NULL,	'files/products/P71767561.jpeg',	'files/products/tb_P71767561.jpeg',	'2022-02-18 17:33:34',	1),
(424,	127,	2,	0,	'P71852141',	'p71852141',	NULL,	'files/products/P71852141.jpeg',	'files/products/tb_P71852141.jpeg',	'2022-02-18 17:33:34',	1),
(425,	127,	2,	0,	'P71650011',	'p71650011',	NULL,	'files/products/P71650011.jpeg',	'files/products/tb_P71650011.jpeg',	'2022-02-18 17:33:34',	1),
(426,	127,	2,	0,	'P71363861',	'p71363861',	NULL,	'files/products/P71363861.jpeg',	'files/products/tb_P71363861.jpeg',	'2022-02-18 17:33:34',	1),
(427,	127,	2,	0,	'P72262781',	'p72262781',	NULL,	'files/products/P72262781.jpeg',	'files/products/tb_P72262781.jpeg',	'2022-02-18 17:33:34',	1),
(428,	127,	2,	0,	'P80302361',	'p80302361',	NULL,	'files/products/P80302361.jpeg',	'files/products/tb_P80302361.jpeg',	'2022-02-18 17:33:34',	1),
(429,	127,	2,	0,	'P72160811',	'p72160811',	NULL,	'files/products/P72160811.jpeg',	'files/products/tb_P72160811.jpeg',	'2022-02-18 17:33:34',	1),
(430,	127,	2,	0,	'P72160101',	'p72160101',	NULL,	'files/products/P72160101.jpeg',	'files/products/tb_P72160101.jpeg',	'2022-02-18 17:33:34',	1),
(431,	127,	2,	0,	'P83104741',	'p83104741',	NULL,	'files/products/P83104741.jpeg',	'files/products/tb_P83104741.jpeg',	'2022-02-18 17:33:34',	1),
(432,	127,	2,	0,	'PA2912121',	'pa2912121',	NULL,	'files/products/PA2912121.jpeg',	'files/products/tb_PA2912121.jpeg',	'2022-02-18 17:33:34',	1),
(433,	127,	2,	0,	'P92622851',	'p92622851',	NULL,	'files/products/P92622851.jpeg',	'files/products/tb_P92622851.jpeg',	'2022-02-18 17:33:34',	1),
(434,	127,	2,	0,	'PA0273401',	'pa0273401',	NULL,	'files/products/PA0273401.jpeg',	'files/products/tb_PA0273401.jpeg',	'2022-02-18 17:33:34',	1),
(435,	127,	2,	0,	'P80972731',	'p80972731',	NULL,	'files/products/P80972731.jpeg',	'files/products/tb_P80972731.jpeg',	'2022-02-18 17:33:34',	1),
(436,	127,	2,	0,	'PA3012601',	'pa3012601',	NULL,	'files/products/PA3012601.jpeg',	'files/products/tb_PA3012601.jpeg',	'2022-02-18 17:33:34',	1),
(437,	127,	2,	0,	'PA2792161',	'pa2792161',	NULL,	'files/products/PA2792161.jpeg',	'files/products/tb_PA2792161.jpeg',	'2022-02-18 17:33:34',	1),
(438,	127,	2,	0,	'PA2793101',	'pa2793101',	NULL,	'files/products/PA2793101.jpeg',	'files/products/tb_PA2793101.jpeg',	'2022-02-18 17:33:34',	1),
(439,	127,	2,	0,	'PB1721621',	'pb1721621',	NULL,	'files/products/PB1721621.jpeg',	'files/products/tb_PB1721621.jpeg',	'2022-02-18 17:33:34',	1),
(440,	127,	2,	0,	'PA3094101',	'pa3094101',	NULL,	'files/products/PA3094101.jpeg',	'files/products/tb_PA3094101.jpeg',	'2022-02-18 17:33:34',	1),
(441,	127,	2,	0,	'VVQ-01581',	'vvq-01581',	NULL,	'files/products/VVQ-01581.jpeg',	'files/products/tb_VVQ-01581.jpeg',	'2022-02-18 17:33:34',	1),
(442,	127,	2,	0,	'PA3094021',	'pa3094021',	NULL,	'files/products/PA3094021.jpeg',	'files/products/tb_PA3094021.jpeg',	'2022-02-18 17:33:34',	1),
(443,	127,	2,	0,	'PC160295',	'pc160295',	NULL,	'files/products/PC160295.jpeg',	'files/products/tb_PC160295.jpeg',	'2022-02-18 17:33:34',	1),
(444,	127,	2,	0,	'VVQ-10511',	'vvq-10511',	NULL,	'files/products/VVQ-10511.jpeg',	'files/products/tb_VVQ-10511.jpeg',	'2022-02-18 17:33:34',	1),
(445,	127,	2,	0,	'VVQ-09681',	'vvq-09681',	NULL,	'files/products/VVQ-09681.jpeg',	'files/products/tb_VVQ-09681.jpeg',	'2022-02-18 17:33:34',	1),
(446,	127,	2,	0,	'VVQ-09751',	'vvq-09751',	NULL,	'files/products/VVQ-09751.jpeg',	'files/products/tb_VVQ-09751.jpeg',	'2022-02-18 17:33:34',	1),
(447,	127,	2,	0,	'VVQ-01391',	'vvq-01391',	NULL,	'files/products/VVQ-01391.jpeg',	'files/products/tb_VVQ-01391.jpeg',	'2022-02-18 17:33:34',	1),
(448,	127,	2,	0,	'VVQ-06091',	'vvq-06091',	NULL,	'files/products/VVQ-06091.jpeg',	'files/products/tb_VVQ-06091.jpeg',	'2022-02-18 17:33:34',	1),
(449,	127,	2,	0,	'VVQ-06521',	'vvq-06521',	NULL,	'files/products/VVQ-06521.jpeg',	'files/products/tb_VVQ-06521.jpeg',	'2022-02-18 17:33:34',	1),
(450,	127,	2,	0,	'VVQ-34011',	'vvq-34011',	NULL,	'files/products/VVQ-34011.jpeg',	'files/products/tb_VVQ-34011.jpeg',	'2022-02-18 17:33:34',	1),
(451,	127,	2,	0,	'VVQ-2405',	'vvq-2405',	NULL,	'files/products/VVQ-2405.jpeg',	'files/products/tb_VVQ-2405.jpeg',	'2022-02-18 17:33:34',	1),
(452,	127,	2,	0,	'VVQ-2359',	'vvq-2359',	NULL,	'files/products/VVQ-2359.jpeg',	'files/products/tb_VVQ-2359.jpeg',	'2022-02-18 17:33:34',	1),
(453,	127,	2,	0,	'VVQ-2113',	'vvq-2113',	NULL,	'files/products/VVQ-2113.jpeg',	'files/products/tb_VVQ-2113.jpeg',	'2022-02-18 17:33:34',	1),
(454,	127,	2,	0,	'VVQ-38921',	'vvq-38921',	NULL,	'files/products/VVQ-38921.jpeg',	'files/products/tb_VVQ-38921.jpeg',	'2022-02-18 17:33:34',	1),
(455,	127,	2,	0,	'VVQ-39761',	'vvq-39761',	NULL,	'files/products/VVQ-39761.jpeg',	'files/products/tb_VVQ-39761.jpeg',	'2022-02-18 17:33:34',	1),
(456,	127,	2,	0,	'VVQ-39741',	'vvq-39741',	NULL,	'files/products/VVQ-39741.jpeg',	'files/products/tb_VVQ-39741.jpeg',	'2022-02-18 17:33:34',	1),
(457,	127,	2,	0,	'VVQ-2500',	'vvq-2500',	NULL,	'files/products/VVQ-2500.jpeg',	'files/products/tb_VVQ-2500.jpeg',	'2022-02-18 17:33:34',	1),
(458,	127,	2,	0,	'VVQ-29231',	'vvq-29231',	NULL,	'files/products/VVQ-29231.jpeg',	'files/products/tb_VVQ-29231.jpeg',	'2022-02-18 17:33:34',	1),
(459,	127,	2,	0,	'VVQ-57041',	'vvq-57041',	NULL,	'files/products/VVQ-57041.jpeg',	'files/products/tb_VVQ-57041.jpeg',	'2022-02-18 17:33:34',	1),
(460,	127,	2,	0,	'VVQ-38451',	'vvq-38451',	NULL,	'files/products/VVQ-38451.jpeg',	'files/products/tb_VVQ-38451.jpeg',	'2022-02-18 17:33:34',	1),
(461,	127,	2,	0,	'VVQ-29011',	'vvq-29011',	NULL,	'files/products/VVQ-29011.jpeg',	'files/products/tb_VVQ-29011.jpeg',	'2022-02-18 17:33:34',	1),
(462,	127,	2,	0,	'VVQ-49641',	'vvq-49641',	NULL,	'files/products/VVQ-49641.jpeg',	'files/products/tb_VVQ-49641.jpeg',	'2022-02-18 17:33:34',	1),
(463,	127,	2,	0,	'VVQ-57571',	'vvq-57571',	NULL,	'files/products/VVQ-57571.jpeg',	'files/products/tb_VVQ-57571.jpeg',	'2022-02-18 17:33:34',	1),
(464,	127,	2,	0,	'VVQ-56941',	'vvq-56941',	NULL,	'files/products/VVQ-56941.jpeg',	'files/products/tb_VVQ-56941.jpeg',	'2022-02-18 17:33:34',	1),
(465,	127,	2,	0,	'VVQ-74871',	'vvq-74871',	NULL,	'files/products/VVQ-74871.jpeg',	'files/products/tb_VVQ-74871.jpeg',	'2022-02-18 17:33:34',	1),
(466,	127,	2,	0,	'VVQ-79331',	'vvq-79331',	NULL,	'files/products/VVQ-79331.jpeg',	'files/products/tb_VVQ-79331.jpeg',	'2022-02-18 17:33:34',	1),
(467,	127,	2,	0,	'VVQ-59631',	'vvq-59631',	NULL,	'files/products/VVQ-59631.jpeg',	'files/products/tb_VVQ-59631.jpeg',	'2022-02-18 17:33:34',	1),
(468,	127,	2,	0,	'VVQ-78011',	'vvq-78011',	NULL,	'files/products/VVQ-78011.jpeg',	'files/products/tb_VVQ-78011.jpeg',	'2022-02-18 17:33:34',	1),
(469,	127,	2,	0,	'VVQ-41851',	'vvq-41851',	NULL,	'files/products/VVQ-41851.jpeg',	'files/products/tb_VVQ-41851.jpeg',	'2022-02-18 17:33:34',	1),
(470,	127,	2,	0,	'VVQ-59171',	'vvq-59171',	NULL,	'files/products/VVQ-59171.jpeg',	'files/products/tb_VVQ-59171.jpeg',	'2022-02-18 17:33:34',	1),
(471,	127,	2,	0,	'VVQ-85931',	'vvq-85931',	NULL,	'files/products/VVQ-85931.jpeg',	'files/products/tb_VVQ-85931.jpeg',	'2022-02-18 17:33:34',	1),
(472,	127,	2,	0,	'VVQ-80451',	'vvq-80451',	NULL,	'files/products/VVQ-80451.jpeg',	'files/products/tb_VVQ-80451.jpeg',	'2022-02-18 17:33:34',	1),
(473,	127,	2,	0,	'VVQ-81441',	'vvq-81441',	NULL,	'files/products/VVQ-81441.jpeg',	'files/products/tb_VVQ-81441.jpeg',	'2022-02-18 17:33:34',	1),
(474,	127,	2,	0,	'DCF-3575',	'dcf-3575',	NULL,	'files/products/DCF-3575.jpeg',	'files/products/tb_DCF-3575.jpeg',	'2022-02-18 17:33:34',	1),
(475,	127,	2,	0,	'VVQ-83331',	'vvq-83331',	NULL,	'files/products/VVQ-83331.jpeg',	'files/products/tb_VVQ-83331.jpeg',	'2022-02-18 17:33:34',	1),
(476,	127,	2,	0,	'DCF-14641',	'dcf-14641',	NULL,	'files/products/DCF-14641.jpeg',	'files/products/tb_DCF-14641.jpeg',	'2022-02-18 17:33:34',	1),
(477,	127,	2,	0,	'DCF-35741',	'dcf-35741',	NULL,	'files/products/DCF-35741.jpeg',	'files/products/tb_DCF-35741.jpeg',	'2022-02-18 17:33:34',	1),
(478,	127,	2,	0,	'DCF-93101',	'dcf-93101',	NULL,	'files/products/DCF-93101.jpeg',	'files/products/tb_DCF-93101.jpeg',	'2022-02-18 17:33:34',	1),
(479,	127,	2,	0,	'DCF-93461',	'dcf-93461',	NULL,	'files/products/DCF-93461.jpeg',	'files/products/tb_DCF-93461.jpeg',	'2022-02-18 17:33:34',	1),
(480,	127,	2,	0,	'P42836201',	'p42836201',	NULL,	'files/products/P42836201.jpeg',	'files/products/tb_P42836201.jpeg',	'2022-02-18 17:33:34',	1),
(481,	127,	2,	0,	'P21703311',	'p21703311',	NULL,	'files/products/P21703311.jpeg',	'files/products/tb_P21703311.jpeg',	'2022-02-18 17:33:34',	1),
(482,	127,	2,	0,	'VVQ-14111',	'vvq-14111',	NULL,	'files/products/VVQ-14111.jpeg',	'files/products/tb_VVQ-14111.jpeg',	'2022-02-18 17:33:34',	1),
(483,	127,	2,	0,	'DSC-77491',	'dsc-77491',	NULL,	'files/products/DSC-77491.jpeg',	'files/products/tb_DSC-77491.jpeg',	'2022-02-18 17:33:34',	1),
(484,	127,	2,	0,	'P72262801',	'p72262801',	NULL,	'files/products/P72262801.jpeg',	'files/products/tb_P72262801.jpeg',	'2022-02-18 17:33:34',	1),
(485,	127,	2,	0,	'VVQ-85671',	'vvq-85671',	NULL,	'files/products/VVQ-85671.jpeg',	'files/products/tb_VVQ-85671.jpeg',	'2022-02-18 17:33:34',	1),
(486,	127,	2,	0,	'DSC-68321',	'dsc-68321',	NULL,	'files/products/DSC-68321.jpeg',	'files/products/tb_DSC-68321.jpeg',	'2022-02-18 17:33:34',	1),
(487,	127,	2,	0,	'VVQ-80971',	'vvq-80971',	NULL,	'files/products/VVQ-80971.jpeg',	'files/products/tb_VVQ-80971.jpeg',	'2022-02-18 17:33:34',	1),
(488,	129,	2,	0,	'tatry-pan-1-4-KLASIK',	'tatry-pan-1-4-klasik',	NULL,	'files/products/tatry-pan-1-4-KLASIK.jpeg',	'files/products/tb_tatry-pan-1-4-KLASIK.jpeg',	'2022-02-24 17:42:43',	1),
(489,	129,	2,	0,	'struktury-panoramy-1-OBLAKY-1',	'struktury-panoramy-1-oblaky-1',	NULL,	'files/products/struktury-panoramy-1-OBLAKY-1.jpeg',	'files/products/tb_struktury-panoramy-1-OBLAKY-1.jpeg',	'2022-02-24 17:42:43',	1),
(490,	129,	2,	0,	'tatry-pan-1-4-CENTER',	'tatry-pan-1-4-center',	NULL,	'files/products/tatry-pan-1-4-CENTER.jpeg',	'files/products/tb_tatry-pan-1-4-CENTER.jpeg',	'2022-02-24 17:42:43',	1),
(491,	129,	2,	0,	'tatry-pan-1-2-KLASIK',	'tatry-pan-1-2-klasik',	NULL,	'files/products/tatry-pan-1-2-KLASIK.jpeg',	'files/products/tb_tatry-pan-1-2-KLASIK.jpeg',	'2022-02-24 17:42:43',	1),
(492,	129,	2,	0,	'tatry-pan-1-8-CENTER',	'tatry-pan-1-8-center',	NULL,	'files/products/tatry-pan-1-8-CENTER.jpeg',	'files/products/tb_tatry-pan-1-8-CENTER.jpeg',	'2022-02-24 17:42:43',	1),
(493,	129,	2,	0,	'struktury-panoramy-1-LuKA-1',	'struktury-panoramy-1-luka-1',	NULL,	'files/products/struktury-panoramy-1-LuKA-1.jpeg',	'files/products/tb_struktury-panoramy-1-LuKA-1.jpeg',	'2022-02-24 17:42:43',	1),
(494,	129,	2,	0,	'tatry-pan-1-9-CENTER',	'tatry-pan-1-9-center',	NULL,	'files/products/tatry-pan-1-9-CENTER.jpeg',	'files/products/tb_tatry-pan-1-9-CENTER.jpeg',	'2022-02-24 17:42:43',	1),
(495,	129,	2,	0,	'tatry-pan-1-3-KLASIK',	'tatry-pan-1-3-klasik',	NULL,	'files/products/tatry-pan-1-3-KLASIK.jpeg',	'files/products/tb_tatry-pan-1-3-KLASIK.jpeg',	'2022-02-24 17:42:43',	1),
(496,	129,	2,	0,	'struktury-panoramy-1-SNEH-1',	'struktury-panoramy-1-sneh-1',	NULL,	'files/products/struktury-panoramy-1-SNEH-1.jpeg',	'files/products/tb_struktury-panoramy-1-SNEH-1.jpeg',	'2022-02-24 17:42:43',	1),
(497,	129,	2,	0,	'tatry-pan-1-1-KLASIK',	'tatry-pan-1-1-klasik',	NULL,	'files/products/tatry-pan-1-1-KLASIK.jpeg',	'files/products/tb_tatry-pan-1-1-KLASIK.jpeg',	'2022-02-24 17:42:43',	1),
(498,	129,	2,	0,	'tatry-pan-DUAL-2-8',	'tatry-pan-dual-2-8',	NULL,	'files/products/tatry-pan-DUAL-2-8.jpeg',	'files/products/tb_tatry-pan-DUAL-2-8.jpeg',	'2022-02-24 17:42:43',	1),
(499,	131,	2,	0,	'OBRAZ-BWfoto-001',	'obraz-bwfoto-001',	NULL,	'files/products/OBRAZ-BWfoto-001.jpeg',	'files/products/tb_OBRAZ-BWfoto-001.jpeg',	'2022-02-24 18:06:25',	1),
(500,	131,	2,	0,	'OBRAZ-BWfoto-002',	'obraz-bwfoto-002',	NULL,	'files/products/OBRAZ-BWfoto-002.jpeg',	'files/products/tb_OBRAZ-BWfoto-002.jpeg',	'2022-02-24 18:07:08',	1),
(501,	131,	2,	0,	'OBRAZ-BWfoto-004',	'obraz-bwfoto-004',	NULL,	'files/products/OBRAZ-BWfoto-004.jpeg',	'files/products/tb_OBRAZ-BWfoto-004.jpeg',	'2022-02-24 18:07:08',	1),
(502,	131,	2,	0,	'OBRAZ-BWfoto-003',	'obraz-bwfoto-003',	NULL,	'files/products/OBRAZ-BWfoto-003.jpeg',	'files/products/tb_OBRAZ-BWfoto-003.jpeg',	'2022-02-24 18:07:08',	1),
(503,	131,	2,	0,	'OBRAZ-BWfoto-006',	'obraz-bwfoto-006',	NULL,	'files/products/OBRAZ-BWfoto-006.jpeg',	'files/products/tb_OBRAZ-BWfoto-006.jpeg',	'2022-02-24 18:07:08',	1),
(504,	131,	2,	0,	'OBRAZ-BWfoto-005',	'obraz-bwfoto-005',	NULL,	'files/products/OBRAZ-BWfoto-005.jpeg',	'files/products/tb_OBRAZ-BWfoto-005.jpeg',	'2022-02-24 18:07:08',	1);

DROP TABLE IF EXISTS `slider`;
CREATE TABLE `slider` (
  `id` int(11) NOT NULL AUTO_INCREMENT COMMENT '[A]Index',
  `poradie` int(11) NOT NULL DEFAULT 1 COMMENT 'Určuje poradie obrázkov v slidery',
  `nadpis` varchar(50) COLLATE utf8_bin DEFAULT NULL COMMENT 'Nadpis obrázku',
  `popis` varchar(150) COLLATE utf8_bin DEFAULT NULL COMMENT 'Popis obrázku slideru vypisovaný v dolnej časti',
  `subor` varchar(50) COLLATE utf8_bin NOT NULL DEFAULT '*.jpg' COMMENT 'Názov obrázku slideru aj s relatívnou cestou',
  `zobrazenie` varchar(20) COLLATE utf8_bin DEFAULT NULL COMMENT 'Kedy sa obrázok zobrazí',
  `id_hlavne_menu` int(11) DEFAULT NULL COMMENT 'Odkaz na položku hlavného menu',
  PRIMARY KEY (`id`)
) ENGINE=InnoDB DEFAULT CHARSET=utf8 COLLATE=utf8_bin COMMENT='Popis obrázkou slideru aj s názvami súborov';

INSERT INTO `slider` (`id`, `poradie`, `nadpis`, `popis`, `subor`, `zobrazenie`, `id_hlavne_menu`) VALUES
(24,	3,	NULL,	NULL,	'SLAJDER-TATRY-1-C.jpeg',	'1',	NULL),
(25,	1,	NULL,	NULL,	'SLAJDER-TATRY-2-C.jpeg',	'107,108,109,110',	NULL),
(26,	4,	'trava 1',	NULL,	'TRAVA-2-2.jpeg',	'3',	NULL),
(27,	5,	NULL,	NULL,	'TRAVA-3-2.jpeg',	'2',	NULL),
(28,	6,	NULL,	NULL,	'TRAVA-4-2.jpeg',	'99,100,101,102,103,1',	NULL),
(29,	7,	NULL,	NULL,	'TRAVA-5-2.jpeg',	'52,53,54,55,56,57,58',	NULL),
(30,	-1,	'HLAVNÉ PANORAMA 1',	NULL,	'bg-site-x.jpeg',	NULL,	NULL),
(33,	8,	'ARCH 2',	NULL,	'ARCHITEKTURA-2022-6.jpeg',	'2',	NULL),
(34,	9,	'ARCH 3',	NULL,	'ARCHITEKTURA-2022-8.jpeg',	'10',	NULL);

DROP TABLE IF EXISTS `udaje`;
CREATE TABLE `udaje` (
  `id` int(11) NOT NULL AUTO_INCREMENT COMMENT '[A]Index',
  `id_user_roles` int(11) NOT NULL DEFAULT 5 COMMENT 'Id min úrovne pre editáciu',
  `id_druh` int(11) DEFAULT NULL COMMENT 'Druhová skupina pre nastavenia',
  `id_udaje_typ` int(11) NOT NULL DEFAULT 1 COMMENT 'Typ input-u',
  `nazov` varchar(30) COLLATE utf8_bin NOT NULL DEFAULT 'nazov' COMMENT 'Názov prvku',
  `text` varchar(255) COLLATE utf8_bin NOT NULL DEFAULT 'Definícia' COMMENT 'Hodnota prvku',
  `comment` varchar(255) COLLATE utf8_bin DEFAULT NULL COMMENT 'Komentár k hodnote',
  `separate_settings` tinyint(4) NOT NULL DEFAULT 0 COMMENT 'Ak 1 tak má položka vlastnú časť nastavení',
  PRIMARY KEY (`id`),
  KEY `id_reg` (`id_user_roles`),
  KEY `id_druh` (`id_druh`),
  KEY `id_udaje_typ` (`id_udaje_typ`),
  CONSTRAINT `udaje_ibfk_2` FOREIGN KEY (`id_druh`) REFERENCES `druh` (`id`),
  CONSTRAINT `udaje_ibfk_3` FOREIGN KEY (`id_udaje_typ`) REFERENCES `udaje_typ` (`id`),
  CONSTRAINT `udaje_ibfk_4` FOREIGN KEY (`id_user_roles`) REFERENCES `user_roles` (`id`)
) ENGINE=InnoDB DEFAULT CHARSET=utf8 COLLATE=utf8_bin COMMENT='Tabuľka na uschovanie základných údajov o stránke';

INSERT INTO `udaje` (`id`, `id_user_roles`, `id_druh`, `id_udaje_typ`, `nazov`, `text`, `comment`, `separate_settings`) VALUES
(1,	4,	NULL,	1,	'titulka-sk',	'BW Foto - Ateliér architektúry a fotografie',	'Názov zobrazený v titulke',	0),
(2,	5,	NULL,	1,	'titulka_2-sk',	'',	'Druhá časť titulky pre jazyk: sk',	0),
(6,	4,	NULL,	1,	'keywords-sk',	'BW Foto, Spišské Bystré, ateliér,  architektúra, fotografie',	'Kľúčové slová',	0),
(7,	5,	NULL,	1,	'autor',	'Ing. Peter VOJTECH ml. - VZ',	'Autor stránky',	0),
(14,	4,	NULL,	1,	'copy',	'BW Foto',	'Text, ktorý sa vypíše za znakom copyright-u',	0),
(17,	5,	NULL,	3,	'komentare',	'0',	'Globálne povolenie komentárov',	0),
(18,	5,	NULL,	3,	'registracia_enabled',	'0',	'Globálne registrácie(ak 1 tak áno, ak 0 tak nie)',	0),
(19,	4,	1,	1,	'clanok_hlavicka',	'0',	'Nastavuje, ktoré hodnoty sa zobrazia v hlavičke článku Front modulu. Výsledok je súčet čísel.[1=Dátum, 2=Zadávateľ, 4=Počet zobrazení]',	0),
(21,	4,	5,	3,	'oznam_komentare',	'0',	'Povolenie komentárov k aktualitám(oznamom).',	0),
(22,	5,	5,	2,	'oznam_usporiadanie',	'1',	'Usporiadanie aktualít podľa dátumu platnosti. [1=od najstaršieho; 0=od najmladšieho]',	0),
(23,	4,	5,	3,	'oznam_ucast',	'0',	'Povolenie potvrdenia účasti.',	0),
(24,	5,	5,	1,	'oznam_prva_stranka',	'1',	'Id stránky, ktorá sa zobrazí ako 1. po načítaní webu',	0),
(25,	4,	5,	3,	'oznam_title_image_en',	'1',	'Povolenie pridávania titulného obrázku k oznamu. Ak je zakázané používajú sa ikonky.',	0),
(26,	5,	NULL,	1,	'google-analytics',	'UA-52835371-1',	'Id pre google-analytics. Ak sa reťazec nezačína na \"UA-\" nie je akceptovaný.',	0),
(27,	4,	8,	4,	'product_main_x',	'2000',	'Šírka hlavného obrázku produktu[10,2000]',	1),
(28,	4,	8,	4,	'product_main_y',	'1500',	'Výška hlavného obrázku produktu[10,2000]',	1),
(29,	4,	8,	4,	'product_main_quality',	'80',	'Kvalita kompresie hlavného obrázku[1,100]',	1),
(30,	4,	8,	4,	'product_thumb_x',	'226',	'Šírka náhľadového obrázku produktu[10,1000]',	1),
(31,	4,	8,	4,	'product_thumb_y',	'150',	'Výška náhľadového obrázku produktu[10,1000]',	1),
(32,	4,	8,	4,	'product_thumb_quality',	'70',	'Kvalita kompresie náhľadového obrázku[1,100]',	1),
(33,	4,	8,	4,	'product_max_upload_files',	'150',	'Max. počet naraz nahrávaných súborov[5,500]',	1);

DROP TABLE IF EXISTS `udaje_typ`;
CREATE TABLE `udaje_typ` (
  `id` int(11) NOT NULL AUTO_INCREMENT COMMENT '[A]Index',
  `nazov` varchar(20) COLLATE utf8_bin NOT NULL DEFAULT 'text' COMMENT 'Typ input-u pre danú položku',
  `comment` varchar(50) COLLATE utf8_bin NOT NULL DEFAULT 'Text' COMMENT 'Popis navonok',
  PRIMARY KEY (`id`)
) ENGINE=InnoDB DEFAULT CHARSET=utf8 COLLATE=utf8_bin COMMENT='Typy prvkov pre tabuľku udaje';

INSERT INTO `udaje_typ` (`id`, `nazov`, `comment`) VALUES
(1,	'text',	'Text'),
(2,	'radio',	'Vyber jednu možnosť'),
(3,	'checkbox',	'Áno alebo nie'),
(4,	'number',	'Číslo');

DROP TABLE IF EXISTS `user_categories`;
CREATE TABLE `user_categories` (
  `id` int(11) NOT NULL AUTO_INCREMENT COMMENT '[A] Index',
  `name` varchar(60) COLLATE utf8_bin NOT NULL COMMENT 'Názov',
  `shortcut` varchar(6) COLLATE utf8_bin NOT NULL COMMENT 'Skratka',
  `main_category` enum('V','R','O') COLLATE utf8_bin NOT NULL DEFAULT 'R' COMMENT 'Hlavný druh kategórie(V-Vedenie; R-rodičia; O-ostatné',
  PRIMARY KEY (`id`)
) ENGINE=InnoDB DEFAULT CHARSET=utf8 COLLATE=utf8_bin;


DROP TABLE IF EXISTS `user_in_categories`;
CREATE TABLE `user_in_categories` (
  `id` int(11) NOT NULL AUTO_INCREMENT COMMENT '[A] Index',
  `id_user_main` int(11) NOT NULL COMMENT 'Id užívateľa',
  `id_user_categories` int(11) NOT NULL COMMENT 'Id_kategórie',
  PRIMARY KEY (`id`),
  KEY `id_user_main` (`id_user_main`),
  KEY `id_user_categories` (`id_user_categories`),
  CONSTRAINT `user_in_categories_ibfk_1` FOREIGN KEY (`id_user_main`) REFERENCES `user_main` (`id`),
  CONSTRAINT `user_in_categories_ibfk_2` FOREIGN KEY (`id_user_categories`) REFERENCES `user_categories` (`id`)
) ENGINE=InnoDB DEFAULT CHARSET=utf8 COLLATE=utf8_bin;


DROP TABLE IF EXISTS `user_main`;
CREATE TABLE `user_main` (
  `id` int(11) NOT NULL AUTO_INCREMENT COMMENT '[A]Index',
  `id_user_roles` int(11) NOT NULL DEFAULT 0 COMMENT 'Úroveň registrácie a rola',
  `id_user_profiles` int(11) DEFAULT NULL COMMENT 'Užívateľský profil',
  `password` varchar(255) COLLATE utf8_bin NOT NULL COMMENT 'Heslo',
  `meno` varchar(50) COLLATE utf8_bin NOT NULL COMMENT 'Meno',
  `priezvisko` varchar(50) COLLATE utf8_bin NOT NULL COMMENT 'Priezvisko',
  `email` varchar(100) COLLATE utf8_bin NOT NULL COMMENT 'Email',
  `activated` tinyint(1) NOT NULL DEFAULT 0 COMMENT 'Aktivácia',
  `banned` tinyint(1) NOT NULL DEFAULT 0 COMMENT 'Zazázaný',
  `ban_reason` varchar(255) COLLATE utf8_bin DEFAULT NULL COMMENT 'Dôvod zákazu',
  `new_password_key` varchar(100) COLLATE utf8_bin DEFAULT NULL COMMENT 'Kľúč nového hesla',
  `new_password_requested` datetime /* mariadb-5.3 */ DEFAULT NULL COMMENT 'Čas požiadavky na nové heslo',
  `new_email` varchar(100) COLLATE utf8_bin DEFAULT NULL COMMENT 'Nový email',
  `new_email_key` varchar(100) COLLATE utf8_bin DEFAULT NULL COMMENT 'Kľúč nového emailu',
  `last_ip` varchar(40) COLLATE utf8_bin DEFAULT NULL COMMENT 'Posledná IP',
  `created` datetime /* mariadb-5.3 */ NOT NULL DEFAULT '0000-00-00 00:00:00' COMMENT 'Vytvorenie užívateľa',
  `modified` timestamp /* mariadb-5.3 */ NOT NULL DEFAULT current_timestamp() ON UPDATE current_timestamp() COMMENT 'Posledná zmena',
  PRIMARY KEY (`id`),
  UNIQUE KEY `email` (`email`),
  KEY `id_registracia` (`id_user_roles`),
  KEY `id_user_profiles` (`id_user_profiles`),
  CONSTRAINT `user_main_ibfk_2` FOREIGN KEY (`id_user_profiles`) REFERENCES `user_profiles` (`id`) ON DELETE SET NULL,
  CONSTRAINT `user_main_ibfk_3` FOREIGN KEY (`id_user_roles`) REFERENCES `user_roles` (`id`)
) ENGINE=InnoDB DEFAULT CHARSET=utf8 COLLATE=utf8_bin COMMENT='Hlavné údaje užívateľa';

INSERT INTO `user_main` (`id`, `id_user_roles`, `id_user_profiles`, `password`, `meno`, `priezvisko`, `email`, `activated`, `banned`, `ban_reason`, `new_password_key`, `new_password_requested`, `new_email`, `new_email_key`, `last_ip`, `created`, `modified`) VALUES
(1,	5,	1,	'$2y$10$qyQp0ZLifZDtSJVz0W62XuOZM4xIZiCBrVN2YM6auzLnqjaY5q4ri',	'Peter',	'Vojtech',	'petak23@echo-msz.eu',	1,	0,	NULL,	NULL,	NULL,	NULL,	NULL,	'188.112.110.15',	'2017-05-15 09:11:19',	'2022-02-21 09:11:43'),
(2,	4,	2,	'$2y$10$0KPg/2sE8I5EjAsgolRttulqhQPsUoVrhIHAxX8Ej3NAOHGuZIbW.',	'Juraj',	'Zámečník',	'bwfoto@bwfoto.sk',	1,	0,	NULL,	NULL,	NULL,	NULL,	NULL,	'178.143.98.2',	'2017-05-15 09:13:38',	'2022-02-18 16:53:34'),
(3,	4,	3,	'$2y$10$rrhoDAbAniSaH5IxLhobiO4ym.Qt83LdCyDUyXkw/TQCiNebhwjkq',	'Jozef',	'Petrenčík',	'tatravisual@tatravisual.sk',	1,	0,	NULL,	NULL,	NULL,	NULL,	NULL,	'178.253.139.152',	'2017-05-15 09:12:22',	'2017-07-11 07:10:29');

DROP TABLE IF EXISTS `user_permission`;
CREATE TABLE `user_permission` (
  `id` int(11) NOT NULL AUTO_INCREMENT COMMENT '[A]Index',
  `id_user_roles` int(11) NOT NULL DEFAULT 0 COMMENT 'Užívateľská rola',
  `id_user_resource` int(11) NOT NULL COMMENT 'Zdroj',
  `actions` varchar(100) COLLATE utf8_bin DEFAULT NULL COMMENT 'Povolenie na akciu. (Ak viac oddelené čiarkou, ak null tak všetko)',
  PRIMARY KEY (`id`),
  KEY `id_user_roles` (`id_user_roles`),
  KEY `id_user_resource` (`id_user_resource`),
  CONSTRAINT `user_permission_ibfk_1` FOREIGN KEY (`id_user_roles`) REFERENCES `user_roles` (`id`),
  CONSTRAINT `user_permission_ibfk_2` FOREIGN KEY (`id_user_resource`) REFERENCES `user_resource` (`id`)
) ENGINE=InnoDB DEFAULT CHARSET=utf8 COLLATE=utf8_bin COMMENT='Užívateľské oprávnenia';

INSERT INTO `user_permission` (`id`, `id_user_roles`, `id_user_resource`, `actions`) VALUES
(1,	0,	4,	NULL),
(2,	0,	6,	NULL),
(3,	0,	7,	NULL),
(4,	0,	8,	NULL),
(5,	0,	1,	NULL),
(6,	0,	5,	NULL),
(7,	0,	2,	NULL),
(8,	0,	9,	'default'),
(9,	0,	3,	'activateNewEmail'),
(10,	1,	3,	'default,mailChange,passwordChange'),
(11,	3,	19,	'default,edit,edit2,add,add2,del'),
(12,	3,	13,	'default,edit,edit2,add,add2'),
(13,	3,	10,	NULL),
(14,	3,	15,	NULL),
(15,	4,	9,	NULL),
(16,	4,	19,	'addpol'),
(17,	4,	13,	'addpol'),
(18,	4,	12,	'default'),
(19,	4,	11,	'default'),
(20,	4,	14,	'default,edit'),
(21,	4,	18,	NULL),
(22,	4,	17,	NULL),
(23,	4,	20,	NULL),
(24,	4,	16,	'default,edit'),
(25,	5,	16,	NULL),
(26,	5,	14,	NULL),
(27,	5,	11,	NULL),
(28,	5,	12,	NULL),
(29,	5,	13,	NULL),
(30,	5,	19,	NULL),
(31,	3,	21,	NULL),
(32,	1,	23,	'default,mailChange,passwordChange,activateNewEmail'),
(33,	3,	7,	'default'),
(34,	4,	25,	NULL),
(35,	0,	26,	NULL),
(36,	4,	27,	NULL),
(37,	4,	28,	NULL),
(38,	0,	29,	NULL);

DROP TABLE IF EXISTS `user_prihlasenie`;
CREATE TABLE `user_prihlasenie` (
  `id` int(11) NOT NULL AUTO_INCREMENT COMMENT '[A]Index',
  `id_user_main` int(11) NOT NULL COMMENT 'Id užívateľa',
  `log_in_datetime` datetime /* mariadb-5.3 */ NOT NULL DEFAULT '0000-00-00 00:00:00' COMMENT 'Dátum a čas prihlásenia',
  PRIMARY KEY (`id`),
  KEY `id_user_profiles` (`id_user_main`),
  CONSTRAINT `user_prihlasenie_ibfk_1` FOREIGN KEY (`id_user_main`) REFERENCES `user_main` (`id`)
) ENGINE=InnoDB DEFAULT CHARSET=utf8 COLLATE=utf8_bin COMMENT='Evidencia prihlásenia užívateľov';

INSERT INTO `user_prihlasenie` (`id`, `id_user_main`, `log_in_datetime`) VALUES
(171,	2,	'2022-02-26 00:58:16');

DROP TABLE IF EXISTS `user_profiles`;
CREATE TABLE `user_profiles` (
  `id` int(11) NOT NULL AUTO_INCREMENT,
  `rok` int(11) DEFAULT NULL COMMENT 'Rok narodenia',
  `telefon` varchar(30) COLLATE utf8_bin DEFAULT NULL COMMENT 'Telefón',
  `poznamka` varchar(255) COLLATE utf8_bin DEFAULT NULL COMMENT 'Poznámka',
  `pocet_pr` int(11) NOT NULL DEFAULT 0 COMMENT 'Počet prihlásení',
  `pohl` enum('Z','M') COLLATE utf8_bin NOT NULL DEFAULT 'M' COMMENT 'Pohlavie',
  `prihlas_teraz` datetime DEFAULT NULL COMMENT 'Posledné prihlásenie',
  `avatar` varchar(200) COLLATE utf8_bin DEFAULT NULL COMMENT 'Cesta k avatarovi veľkosti 75x75',
  `news` enum('A','N') COLLATE utf8_bin NOT NULL DEFAULT 'A' COMMENT 'Posielanie info emailou',
  `news_key` varchar(100) COLLATE utf8_bin DEFAULT NULL COMMENT 'Kľúč pre odhlásenie noviniek',
  PRIMARY KEY (`id`)
) ENGINE=InnoDB DEFAULT CHARSET=utf8 COLLATE=utf8_bin;

INSERT INTO `user_profiles` (`id`, `rok`, `telefon`, `poznamka`, `pocet_pr`, `pohl`, `prihlas_teraz`, `avatar`, `news`, `news_key`) VALUES
(1,	NULL,	NULL,	NULL,	96,	'M',	'2022-02-21 10:11:43',	NULL,	'N',	NULL),
(2,	NULL,	NULL,	NULL,	75,	'M',	'2022-02-26 00:58:16',	NULL,	'A',	NULL),
(3,	NULL,	NULL,	NULL,	0,	'M',	NULL,	NULL,	'A',	NULL);

DROP TABLE IF EXISTS `user_resource`;
CREATE TABLE `user_resource` (
  `id` int(11) NOT NULL AUTO_INCREMENT COMMENT '[A]Index',
  `name` varchar(30) COLLATE utf8_bin NOT NULL COMMENT 'Názov zdroja',
  PRIMARY KEY (`id`)
) ENGINE=InnoDB DEFAULT CHARSET=utf8 COLLATE=utf8_bin COMMENT='Zdroje oprávnení';

INSERT INTO `user_resource` (`id`, `name`) VALUES
(1,	'Front:Homepage'),
(2,	'Front:User'),
(3,	'Front:UserLog'),
(4,	'Front:Dokumenty'),
(5,	'Front:Error'),
(6,	'Front:Oznam'),
(7,	'Front:Clanky'),
(8,	'Front:Menu'),
(9,	'Front:Faktury'),
(10,	'Admin:Homepage'),
(11,	'Admin:User'),
(12,	'Admin:Verzie'),
(13,	'Admin:Menu'),
(14,	'Admin:Udaje'),
(15,	'Admin:Dokumenty'),
(16,	'Admin:Lang'),
(17,	'Admin:Slider'),
(18,	'Admin:Oznam'),
(19,	'Admin:Clanky'),
(20,	'Admin:Texyla'),
(21,	'Edit:Homepage'),
(22,	'Edit:User'),
(23,	'Edit:UserLog'),
(24,	'Edit:Clanky'),
(25,	'Admin:Products'),
(26,	'Front:Search'),
(27,	'Api:Menu'),
(28,	'Api:User'),
(29,	'Api:Dokumenty');

DROP TABLE IF EXISTS `user_roles`;
CREATE TABLE `user_roles` (
  `id` int(11) NOT NULL COMMENT '[A]Index',
  `role` varchar(30) COLLATE utf8_bin NOT NULL DEFAULT 'guest' COMMENT 'Rola pre ACL',
  `inherited` varchar(30) COLLATE utf8_bin DEFAULT NULL COMMENT 'Dedí od roli',
  `name` varchar(30) COLLATE utf8_bin NOT NULL DEFAULT 'Registracia cez web' COMMENT 'Názov úrovne registrácie',
  PRIMARY KEY (`id`)
) ENGINE=InnoDB DEFAULT CHARSET=utf8 COLLATE=utf8_bin COMMENT='Úrovne registrácie a ich názvy';

INSERT INTO `user_roles` (`id`, `role`, `inherited`, `name`) VALUES
(0,	'guest',	NULL,	'Bez registrácie'),
(1,	'register',	'guest',	'Registrácia cez web'),
(2,	'passive',	'register',	'Pasívny užívateľ'),
(3,	'active',	'passive',	'Aktívny užívateľ'),
(4,	'manager',	'active',	'Správca obsahu'),
(5,	'admin',	'manager',	'Administrátor');

DROP TABLE IF EXISTS `verzie`;
CREATE TABLE `verzie` (
  `id` int(11) NOT NULL AUTO_INCREMENT COMMENT '[A]Index',
  `id_user_main` int(11) NOT NULL DEFAULT 1 COMMENT 'Id užívateľa',
  `cislo` varchar(10) COLLATE utf8_bin NOT NULL DEFAULT '' COMMENT 'Číslo verzie',
  `subory` varchar(255) COLLATE utf8_bin DEFAULT NULL COMMENT 'Zmenené súbory',
  `text` text COLLATE utf8_bin DEFAULT NULL COMMENT 'Popis zmien',
  `modified` timestamp /* mariadb-5.3 */ NOT NULL DEFAULT current_timestamp() ON UPDATE current_timestamp() COMMENT 'Dátum a čas zmeny',
  PRIMARY KEY (`id`),
  UNIQUE KEY `cislo` (`cislo`),
  KEY `datum` (`modified`),
  KEY `id_clena` (`id_user_main`),
  CONSTRAINT `verzie_ibfk_1` FOREIGN KEY (`id_user_main`) REFERENCES `user_main` (`id`)
) ENGINE=InnoDB DEFAULT CHARSET=utf8 COLLATE=utf8_bin COMMENT='Verzie webu';

INSERT INTO `verzie` (`id`, `id_user_main`, `cislo`, `subory`, `text`, `modified`) VALUES
(1,	1,	'0.1.0',	NULL,	'Východzia verzia',	'2017-09-07 12:43:25'),
(2,	1,	'0.1.1',	'Texy',	'- Implementácia texy a texyly\n- Oprava nájdených chýb',	'2017-10-10 09:52:04'),
(3,	1,	'0.1.3',	'Prílohy, slider',	'Testovacia verzia, v ktorej bolo opravené:\n\n- **Administrácia - Prílohy článkov:** možnosť pridať súčasne viac príloh, inline editácia popisu a názvu prílohy.\n- **Administrácia - Slider:** pridaná možnosť upravovať zobrazenie jednotlivých položiek.\n- **Administrácia:** náhrada ckeditora za texylu.\n- **Web - Slider:** zobrazovanie obrázku podľa príslušnej časti.\n- **Web - Lightbox:** upgrade na verziu 0.5.6 a pridanie popisu k obrázkom.',	'2017-10-10 09:51:40'),
(4,	1,	'0.1.4',	'Merge pull request #2 from petak23/nittro',	'Testovacia verzia v ktorej bolo zmenené:\n- Aplikácia \"nittra\":https://www.nittro.org/ .\n- Úprava požitia lightbox-u.\n- Úprava administračnej časti evidencie verzií.\n- Rozdelenie konfigurácie pre jednotlivé moduly.\n- Úprava adresárovej štruktúry.\n- Aktualizácia vzhľadu.\n- Aktualizácia vzhľadu príloh.\n- Pridanie možnosti pridania náhľadového obrázka pre neobrázkové prílohy.\n- Úprava sekcie zoznamu albumov podľa JP.\n',	'2017-11-15 10:47:16'),
(5,	1,	'0.1.5',	'rôzne',	'Prispôsobenie vzhľadu úrovne 3',	'2017-12-27 11:59:49'),
(6,	1,	'0.1.6',	'úroveň 3 a 4',	'- Prispôsobenie vzhľadu úrovne 3. a 4..\n- Aktualizácia nittra a lightbox-u.\n- Odstránenie koncovky z názvu prílohy.\n- Práca na admin časti pre rámčeky - pridaná časť pre fotoalbum zmeny rámčekov obrázkových príloh v úrovni 4. pre každú časť zvlášť.\n- Prispôsobenie 4. úrovne pre prehliadanie obrázkov s rámčekmi.',	'2017-12-27 12:04:06'),
(7,	1,	'0.1.7',	'mnohé',	'- Zmena názvov stĺpcov(spec_nazov=web_name, subor=main_file, thumb=thumb_file, zmena=change) tabuľky dokumenty a s tým súvisiace zmeny. \n- Pridané zobrazenie videa pre front modul.\n- Pridaná časť produktov aj pre front časť. \n- Zmena názvov stĺpcov(nazov=name, popis=description) tabuľky dokumenty a s tým súvisiace zmeny.\n- Pridaná časť produktov pre admin časť. Nedokončené. Update fontawesome na verziu 5.0.2 na admin strane.',	'2018-01-16 09:15:17'),
(8,	1,	'0.2.1',	'Issue #4, #5, #6',	'Sumár:\n======\n**Zmena načítania produktov.**\n\n**V administrácii: oprava ikoniek; pre slider: pridanie kompletného stromu menu do formulára - položka: *Zobrazenie pre*;** \n\nDetaily:\n======\nFrontend\n----------\n- Úrava pre IE.\n- Načítanie produktov ajaxovo.\n- Oprava chyby pri zobrazení príloh alebo produktov.\n\nAdministrácia\n-------------\n- Oprava ikoniek v administrácii a odstránenie nepotrebných. \n- Presun nastavení produktov do samostatnej časti. Issue \"#5\":https://github.com/petak23/bwfoto/issues/5\n- V údajoch pridaná možnosť zobraziť alebo skryť separátne nastavenia.\n- Slider: Odstránenie väzby súborov na adresáre a presun ich nastavení do configu.\n- Slider: Pridanie kompletného stromu menu do formulára - položka: *Zobrazenie pre*.\n- Slider: zmena názvu ikoniek.\n- Presun nastavenia okrajového rámčeka na kartu produktov Issues \"#4\":https://github.com/petak23/bwfoto/issues/4\n- Odstránenie chyby v mazaní príloh\n\nOstatné\n-------\n- Oprava zobrazovania textu(texi) v emailoch. Issue \"#6\":https://github.com/petak23/bwfoto/issues/6\n- Odstránenie zmetočných adresárov v prílohách článkov a produktov. \n- Zmazanie nepotrebných častí.\n- Presun index.php do adresára www a s tým spojené zmeny.\n- Update fontawesome na verziu 5.2.0; \n- Update bootstrap na verziu 4.1.2; \n- Update adminer na verziu 4.3.6. \n- Použitie npm správcu. \n- Odstránenie zbytočných css a js.\n',	'2018-08-30 08:35:32'),
(9,	1,	'0.3.0-alfa',	'Upgrade to v 0.3.0',	'- **Oprava chyby: zobrazenie prvého obrázku alebo produktu pri prvom zobrazení článku.**\n- Upgrade nette na verziu 2.4\n- Aplikácia zmien z echo-msz.eu ale s prispôsobením komponent na verziu PHP 7.0.33\n- Inovácia vzhľadu v administrácii, zatiaľ ešte nie úplne dokončená \"(AdminModule) .{color: gray}\".\n- Aktualizácia komponent vzhľadu v package.json \"(fontawesome: 5.2.0, bootstrap: 4.4.1, jquery: 3.4.1, naja: 1.5.1, nette-forms: 2.4.2, popper.js: 1.16.1) .{color: gray}\". \n- Aktualizácia správcu databázy \"(adminer v 4.7.6) .{color: gray}\". \n- Oprava chyby v menu FrontModule a upgrade pre novú verziu Texy.',	'2020-05-04 11:55:19'),
(10,	1,	'0.3.0-beta',	'Rôzne; jquery 3.5.0',	'- Oprava drobných chýb v prihlásení.\n- Oprava chyby v slideri(issue \"#12\":https://github.com/petak23/bwfoto/issues/12). Rebase model/Table.php.\n- Rebase model/Dokumenty.php; model/Products.php a model/UserManager.php.\n- Oprava chyby v pridávaní podčlánku v adninistrácii.\n- Refaktoring fotogalérie na frontende.\n- Oprava zobrazenia produktov v AdminModule. \n- Update jquery na 3.5.0.\n- Oprava zobrazenia príloh vo FrontModule a premenovanie adresára presenters na Presenters.\n- Oprava issue \"#11\":https://github.com/petak23/bwfoto/issues/11 - A13 - V administracii pri zozname príloh( miniatúry fotografií) keď kliknem na foto aby sa mi zobrazila fotka tak sa zobrazí na ľavej strane - nie je vycentrovaná na stred',	'2020-05-04 12:02:51'),
(11,	1,	'0.4.0-RC',	'Nette 3.0, adminer 4.7.7',	'- Oprava issue \"#10\":https://github.com/petak23/bwfoto/issues/10 - A10 - nekorektné zobrazenie úrovne 3. a 4.\n- Oprava zobrazenia formulárov na karte Produktu pre AdminModul a odstránenie chyby zobrazenia nastavenia okrajov. \n- Odstránenie chyby zobrazenia hlavného menu v AdminModul-e.\n- Úpravy potrebné pre prechod na nette 3.0,\n- odstránenie drobných chýb,\n- vypustenie webloader-a\n',	'2020-05-26 13:53:54'),
(12,	1,	'0.5.0',	'Vzhľad, Oprava chýb A9 a A7',	'- Prvá časť zmeny vzhľadu: *Titulka, Prihlasovacia stránka*.\n- Oprava chyby \"#16\":https://github.com/petak23/bwfoto/issues/16 - **A9 - max. počet súčasne nahrávaných súborov**.\n- Oprava chyby \"#15\":https://github.com/petak23/bwfoto/issues/15 - **A7 - doplň priebeh uploadu - pre produkty**.\n- Doplnená možnosť nastavenia max. počtu naraz nahrávaných súborov v rozsahu 5 ... 150.\n- Integrácia prvej verzie komponenty pre vyhľadávanie na stránke.\n- Integrácia jQuery-FileUpload pre nahrávanie súborov.',	'2020-07-30 09:21:42'),
(13,	1,	'0.5.3',	'Webpack, a iné',	'- Pridanie \"webpack-u\":https://webpack.js.org/\n- Refaktoring časti editácie údajov webu.\n- Adminer presunutý na composer-a.\n- Update na \"nette 3\":https://nette.org/cs/maintenance',	'2020-11-12 19:30:00'),
(14,	1,	'0.5.3b',	'update na php 7.4',	'- Oprava drobných chýb\n- Update na php 7.4\n- Update npm',	'2020-12-29 14:28:48'),
(15,	1,	'0.5.4a',	'Vue fotogaléria',	'- Vyriešenie chyby \"#14\":https://github.com/petak23/bwfoto/issues/14 - vytvorenie úrovne č.5 a preklopenie fotogalérie do \"vue.js\":https://vuejs.org/ - chýba už len grafický design.\n- Presun nastaveni \"webpack\":https://webpack.js.org/ vývojového servera do config.local.neon a doplnenie nastavení \"webpack-u\":https://webpack.js.org/.\n- Prispôsobenie \"webpack-u\":https://webpack.js.org/ pre vue komponenty.\n- Presun modulov css a js do app/assets.\n\n',	'2021-01-11 13:58:52'),
(16,	1,	'0.5.5e',	'Oprava chýb, úprava vzhľadu a fotogalérie',	'Urobené:\n========\n- **Počas nahrávania fotogalérie sa zobrazí animovaný spinner** - \"aktualizované 08.03.2021 .{color: red}\"\n- odstránenie kontroly na velkosť obrázka pre \"slider\" - obrázok v hlavičke - \"aktualizované 27.02.2021 .{color: purple}\"\n- oprava zobrazenia - \"aktualizované 27.02.2021 .{color: purple}\"\n- zmena vzhľadu úrovne č. 4 a 5. V úrovni č. 4 je použitý tretinový spôsob. - \"aktualizované 27.02.2021 .{color: purple}\"\n- oprava chýb\n- rozchodenie js v administrácii\n- oprava chyby zobrazenia\n- skrytie názvov miniatúr vo fotogalérii.\n\nNie je urobené:\n===============\n- v prípade zobrazenia na obrazovke so šírkou menšou ako 576px sa nezobrazuje úroveň č. 4 a 5.\n- dokončiť vzhľad pre úrovne č. 4 a 5.',	'2021-03-08 17:18:08'),
(17,	1,	'0.6.2',	'Vue fotogaléria',	'\"releas - 0.6.2\":https://github.com/petak23/bwfoto/releases/tag/0.6.2\n---------------------------------------------------------------------\n\n- Úprava fotogalérie aj pre malé displeje. Pridanie ovládania klávesnicou.\n- Počas nahrávania fotogalérie sa zobrazí animovaný spinner.\n- Oprava vzhľadu, odstránenie kontroly rozmerov obrázka slideru.\n- Skrytie názvov miniatúr vo fotogalérii.\n\n',	'2021-03-20 06:38:08'),
(18,	1,	'0.6.4',	'rôzne',	'- Opravené chyby v MapaModule\n- Opravená chyba v prílohách v AdminModule',	'2021-04-26 05:57:39'),
(19,	1,	'0.7.0',	'autocomplete',	'- Rozšírené možnosti vyhľadávania na názvy článkov, text v článkoch, názvy a popis dokumentov a názvy a popis produktov.\n- Opravy zistených chýb\n- Oprava radenia príloh vo FrontModule. \n- Pridaná možnosť zobraziť na začiatku konkrétny obrázok vo fotogalérii podľa id.',	'2021-05-03 09:33:31'),
(20,	1,	'0.8.03',	'php 8.0; rôzne',	'- Refaktoring;\n- Prechod na PHP 8.0; \n- Oprava editácie nadpisov; \n- Presun nastavenia okrajov do hlavného nastavenia článku; \n- Začiatok práce na lazyloading-u miniatúr obrázkov. \n- Oprava chýb v administrácii pri mazaní titulného obrázka.\n- Oprava odkazu na pdf.\n- Iné drobné opravy.',	'2021-11-16 13:31:28'),
(21,	1,	'0.8.06',	'Grafické zmeny',	'- zmenšená fotka v slideri - úroveň 2 - výška 220px\n- zmenený obrázok loga pridaná žiara\"* - zmena cesty (názov súboru, editované v layout.latte)* .{color: gray}\"\n- odstránené pozadie loga\"* - nav .navbar-brand (bwfoto.css)* .{color: gray}\"\n- obsah posunutý vyššie\"* - znížený margin-top pre webcontent (x_docasne.css)* .{color: gray}\"\n- zmena veľkosti písma podľa šírky okna \"*- pridané pravidlo :root do (bwfoto.css)* .{color: gray}\"\n- pridaná zmena šírky obsahu podľa šírky okna \"*- kontajner .frame - zmena pridaná do media queries (bwfoto.css)* .{color: gray}\"\n- vystredené náhľady kategórií pri úzkej obr. \"*- pridané pravidlo webParts .row (bwfoto.css)* .{color: gray}\"\n- horné menu posunuté vyššie väčšia priehľadnosť pozadia zmenšený font \"*- pridané pravidlá nav .nav-item .nav-link, #topNav, #navbarSupportedContent (všetko v bwfoto.css)* .{color: gray}\"\n- upravená pozícia šípok v úrovni 4 \"*- pridané vlastnosti v .lightbox-img .modal-body (vue_fotogalery.css)* .{color: gray}\"\n- \"*oprava package.json a webpack.config.json* .{color: gray}\"',	'2021-11-16 13:31:20'),
(22,	1,	'0.8.18',	'Opravy',	'\"**Aktualizované 02.12.2021:** .{color: red}\"\n- \"rozdelenie UserLangMenu na dve samostatné komponenty .{color: gray}\"\n- \"opravy chýb pre viacjazyčnosť webu .{color: gray}\"\n\n-------------------\n**Staršie:**\n\n- oprava rozsahu súčasného pridania produktov na 5 ... 500,\n- oprava, doplnenie popisu a vložená kontrola odkazov na položky hl. menu v editácii slideru,\n- oprava ukladania textov článku.\n- oprava lazy-loadingu obrázkov,\n- pridanie šablony pre panorámy,\n- oprava chyby pri mazaní článku,\n- oprava chyby pri mazaní príloh,\n- \"úprava, rozdelenie HomepagePresenter, .{color: gray}\" \n- \"pridaný API modul pre užívateľa, .{color: gray}\"\n- \"update composer a npm. .{color: gray}\"',	'2021-12-02 12:08:47'),
(23,	1,	'0.8.20',	'Opravy',	'- Oprava chyby \"#34\":https://github.com/petak23/bwfoto/issues/34 - Zmazanie telef. kontaktu na titulke.\n- Oprava chyby \"#35\":https://github.com/petak23/bwfoto/issues/35 - Zmazanie položky menu.\n- Oprava chyby \"#36\":https://github.com/petak23/bwfoto/issues/36 - Homepage dole - nadpis.\n- Oprava chyby \"#37\":https://github.com/petak23/bwfoto/issues/37 - Administrácia zmenšenie náhľadov.\n- Do hornej lišty v administrácii pridaný odkaz na aktuálne zobrazený článok. Odkaz je viditeľný len v prípade, ak takýto odkaz existuje. \n- V hornej lište v administrácii zmena nadpisu \"Administrácia\" na informáciu o aktuálne prihlásenom užívateľovi.\n- Oravy drobných chýb.',	'2022-01-07 13:07:17'),
(24,	1,	'0.8.23',	'Zmeny vzhľadu',	'- odstránene pozadie v zmenšenom menu \"- trieda shrink v bwfoto.css .{color: gray}\"\n- skrytie horného menu po rolovani; namiesto zmenšenia sa horné položky menu a vyhľadávacie pole skryjú \"- pridana trieda hidecont v bwfoto.css a upraveny navshrink.js .{color: gray}\" POZNAMKA: nevedel som spravit to aby sa tlacidlo hamburger zobrazovalo ked sa skryju polozky horneho menu.  - \"Vyriešené .{color: green}\"\n- zobrazovanie iba troch nahladov v kat. 2 cize nahlady albumov. 4 vedla seba sa zobrazia az od velkosti xxl \"- upraveny subor BWfoto_foto_section.latte .{color: gray}\"\n- upravena medzera medzi popisom a nadpisom albumu, odsadeny cely album tak aby bol nadpis (ktory je pod obrazkom blizsie k tomu nahladu kde patri) \"- v bwfoto.css upravene: #webAlbums .album, #webAlbums h3, footer .{color: gray}\"\n- upravene nahlady na titulnej strane, uroven 1 - nahlady pri zmene sirky neboli rovnake (Juraj vie :)) \"- zmene viacere pravidla v bwfoto.css nama v pravidlach #webParts-md a webParts. Zmenena aj sablona BWfoto_fixed_homepage.latte .{color: gray}\"\n- velky nahlad v urovni 3 posunuty vo svojom priestore na stred aby nebol tak velmi vzdialeny od malych nahladov \"- upravene v sablone Fotogalery.vue .{color: gray}\"\n- opraveny problem so sipkou v urovni 4 na mensich zobrazeniach \"- upravy vo vue-fotogallery.css niekde v pravidlach lightbox-img a tiez uprava vo Fotogalery.vue .{color: gray}\"\n',	'2022-01-17 07:53:44'),
(25,	1,	'0.8.27',	'Foto koláž',	'\"**Aktualizované 17.2.2022:** .{color: red}\"\n- Do foto koláže pokusne pridané 3 rôzne schémy podľa šírky okna (zlomy pri 320, 700px).\n- Možnosť rozšíriť počet schém a body zlomu.\n\n---\n\n- Pokusne pridaná fotokoláž do článku: \"Časť A-2\":http://test.bwfoto.sk/clanky/cast-a-2 . Zmena výšky riadku.\n\n- Oprava chýb v časti užívateľov.',	'2022-02-17 14:06:40'),
(26,	1,	'0.8.29',	'Foto koláž',	'Úprava koláže. Pridaná možnosť mať 1 fotku v riadku inej šírky ako ostatné podľa nasledujúcej schémy:\n/--code js\nsch: [\n        { // 1. schéma pre šírku koláže do 320px\n\n          // Max. šírka koláže pre ktorú platí\n          max_width: 320,  \n\n          // Minimálny počet fotiek na riadok\n          min_row: 1,      \n\n          // Počet fotiek v jednotlivých riadkoch + min_row\n          schema: [1, 0, 2, 1, 2, 0, 1, 2], \n\n          // Výška jednotlivých riadkov\n          height: [\"110px\", \"150px\", \"78px\", \"110px\", \"78px\", \"150px\", \"110px\", \"78px\"],\n\n          // Poradie fotky v riadku, ktorá má byť širšia ako ostatné v riadku:\n          // Ak je zadané číslo väčšie ako 0 (1,2,...) tak tá konkrétna bude širšia, \n          // ak je zadané 0 generuje sa náhodne,\n          // ak je zadané -1 všetky fotky v riadku budú rovnaké.\n          widerPhotoId: [1, 0, 1, 0, 2, 0, 1, 2],\n        },\n        { // 2. schéma pre šírku koláže od 321px do 700 px\n          max_width: 700,\n          min_row: 2,\n          schema: [1, 0, 1, 2, 1, 0, 2, 1],\n          height: [\"170px\", \"235px\", \"170px\", \"120px\", \"170px\", \"235px\", \"120px\", \"170px\"],\n          widerPhotoId: [1, 0, 1, 0, 2, 0, 1, 2],\n        },\n        { // 3. schéma pre šírku koláže od 701px do 1300 px\n          max_width: 1300,\n          min_row: 3,\n          schema: [0, 1, 2, 3, 0, 1],\n          height: [\"300px\", \"220px\", \"180px\", \"170px\", \"235px\", \"220px\"],\n          widerPhotoId: [1, 0, -1, 0, 2, 0],\n        },\n        { // 4. schéma pre šírku koláže od 1301px do 100000 px\n          max_width: 100000,\n          min_row: 3,\n          schema: [0, 1, 2, 3, 1, 0],\n          height: [\"400px\", \"300px\", \"265px\", \"220px\", \"300px\", \"400px\"],\n          widerPhotoId: [1, 0, -1, 0, 2, 0],\n        },\n      ],\n\\--',	'2022-02-22 12:45:32'),
(27,	1,	'0.8.31',	'články',	'- Oprava chyby v zobrazení článku.\n- Refaktoring časti článkov na front module.',	'2022-02-27 18:16:48');

-- 2022-02-28 16:24:19
